[
    {
        "id": "CNAJRQPJ7",
        "name": "random",
        "created": 1569256860,
        "creator": "UNFLCPZHP",
        "is_archived": false,
        "is_general": false,
        "members": [
            "UNFLCPZHP",
            "UNMKAJXK6",
            "UNN3G91A9",
            "UNPPN7QDT",
            "UQR64SYF8"
        ],
        "topic": {
            "value": "Non-work banter and water cooler conversation",
            "creator": "UNFLCPZHP",
            "last_set": 1569256860
        },
        "purpose": {
            "value": "A place for non-work-related flimflam, faffing, hodge-podge or jibber-jabber you'd prefer to keep out of more focused work-related channels.",
            "creator": "UNFLCPZHP",
            "last_set": 1569256860
        }
    },
    {
        "id": "CNN3ADS4Q",
        "name": "general",
        "created": 1569256860,
        "creator": "UNFLCPZHP",
        "is_archived": false,
        "is_general": true,
        "members": [
            "UNFLCPZHP",
            "UNMKAJXK6",
            "UNN3G91A9",
            "UNPPN7QDT",
            "UQR64SYF8"
        ],
        "topic": {
            "value": "Company-wide announcements and work-based matters",
            "creator": "UNFLCPZHP",
            "last_set": 1569256860
        },
        "purpose": {
            "value": "This channel is for workspace-wide communication and announcements. All members are in this channel.",
            "creator": "UNFLCPZHP",
            "last_set": 1569256860
        }
    },
    {
        "id": "CNN3AE26L",
        "name": "it-490",
        "created": 1569256861,
        "creator": "UNFLCPZHP",
        "is_archived": false,
        "is_general": false,
        "members": [
            "UNFLCPZHP",
            "UNMKAJXK6",
            "UNN3G91A9",
            "UNPPN7QDT",
            "UQR64SYF8"
        ],
        "pins": [
            {
                "id": "1571094681.000100",
                "type": "C",
                "created": 1571264522,
                "user": "UNFLCPZHP",
                "owner": "UNFLCPZHP"
            }
        ],
        "topic": {
            "value": "",
            "creator": "",
            "last_set": 0
        },
        "purpose": {
            "value": "",
            "creator": "",
            "last_set": 0
        }
    }
]