[
    {
        "user_id": "UNFLCPZHP",
        "user_name": "md458",
        "date": "1574704033",
        "change_type": "updated",
        "service_id": 786763238038,
        "service_type": "Google Drive",
        "scope": "files:write:user"
    },
    {
        "user_id": "UNFLCPZHP",
        "user_name": "md458",
        "date": "1574704019",
        "change_type": "added",
        "app_type": "Google Drive",
        "app_id": "A6NL8MJ6Q",
        "scope": "identify,bot,channels:read,files:read,team:read,users:read,users:read.email,chat:write:bot,links:read"
    },
    {
        "user_id": "UNPPN7QDT",
        "user_name": "pvangapandu.fa17",
        "date": "1570219287",
        "change_type": "added",
        "app_type": "Google Drive",
        "app_id": "A6NL8MJ6Q",
        "scope": "identify,bot,channels:read,files:read,team:read,users:read,users:read.email,chat:write:bot,links:read"
    },
    {
        "user_id": "UNPPN7QDT",
        "user_name": "pvangapandu.fa17",
        "date": "1570219277",
        "change_type": "added",
        "service_id": 786763238038,
        "service_type": "Google Drive",
        "scope": "files:write:user"
    }
]