[
    {
        "id": "UNFLCPZHP",
        "team_id": "TNN3BM5N1",
        "name": "md458",
        "deleted": false,
        "color": "9f69e7",
        "real_name": "Michael DeMeo",
        "tz": "America\/New_York",
        "tz_label": "Eastern Standard Time",
        "tz_offset": -18000,
        "profile": {
            "title": "",
            "phone": "",
            "skype": "",
            "real_name": "Michael DeMeo",
            "real_name_normalized": "Michael DeMeo",
            "display_name": "",
            "display_name_normalized": "",
            "fields": [],
            "status_text": "",
            "status_emoji": "",
            "status_expiration": 0,
            "avatar_hash": "6ef87ac1f6e9",
            "image_original": "https:\/\/avatars.slack-edge.com\/2019-09-24\/773662685239_6ef87ac1f6e98ace1477_original.png",
            "is_custom_image": true,
            "email": "md458@njit.edu",
            "first_name": "Michael",
            "last_name": "DeMeo",
            "image_24": "https:\/\/avatars.slack-edge.com\/2019-09-24\/773662685239_6ef87ac1f6e98ace1477_24.png",
            "image_32": "https:\/\/avatars.slack-edge.com\/2019-09-24\/773662685239_6ef87ac1f6e98ace1477_32.png",
            "image_48": "https:\/\/avatars.slack-edge.com\/2019-09-24\/773662685239_6ef87ac1f6e98ace1477_48.png",
            "image_72": "https:\/\/avatars.slack-edge.com\/2019-09-24\/773662685239_6ef87ac1f6e98ace1477_72.png",
            "image_192": "https:\/\/avatars.slack-edge.com\/2019-09-24\/773662685239_6ef87ac1f6e98ace1477_192.png",
            "image_512": "https:\/\/avatars.slack-edge.com\/2019-09-24\/773662685239_6ef87ac1f6e98ace1477_512.png",
            "image_1024": "https:\/\/avatars.slack-edge.com\/2019-09-24\/773662685239_6ef87ac1f6e98ace1477_1024.png",
            "status_text_canonical": "",
            "team": "TNN3BM5N1"
        },
        "is_admin": true,
        "is_owner": true,
        "is_primary_owner": true,
        "is_restricted": false,
        "is_ultra_restricted": false,
        "is_bot": false,
        "is_app_user": false,
        "updated": 1569351510
    },
    {
        "id": "UNMKAJXK6",
        "team_id": "TNN3BM5N1",
        "name": "hp342",
        "deleted": false,
        "color": "e7392d",
        "real_name": "Het Patel",
        "tz": "America\/New_York",
        "tz_label": "Eastern Standard Time",
        "tz_offset": -18000,
        "profile": {
            "title": "",
            "phone": "",
            "skype": "",
            "real_name": "Het Patel",
            "real_name_normalized": "Het Patel",
            "display_name": "",
            "display_name_normalized": "",
            "fields": null,
            "status_text": "",
            "status_emoji": "",
            "status_expiration": 0,
            "avatar_hash": "g9f9137124f4",
            "email": "hp342@njit.edu",
            "first_name": "",
            "last_name": "",
            "image_24": "https:\/\/secure.gravatar.com\/avatar\/9f9137124f44060a0fb846f648c9561f.jpg?s=24&d=https%3A%2F%2Fa.slack-edge.com%2Fdf10d%2Fimg%2Favatars%2Fava_0026-24.png",
            "image_32": "https:\/\/secure.gravatar.com\/avatar\/9f9137124f44060a0fb846f648c9561f.jpg?s=32&d=https%3A%2F%2Fa.slack-edge.com%2Fdf10d%2Fimg%2Favatars%2Fava_0026-32.png",
            "image_48": "https:\/\/secure.gravatar.com\/avatar\/9f9137124f44060a0fb846f648c9561f.jpg?s=48&d=https%3A%2F%2Fa.slack-edge.com%2Fdf10d%2Fimg%2Favatars%2Fava_0026-48.png",
            "image_72": "https:\/\/secure.gravatar.com\/avatar\/9f9137124f44060a0fb846f648c9561f.jpg?s=72&d=https%3A%2F%2Fa.slack-edge.com%2Fdf10d%2Fimg%2Favatars%2Fava_0026-72.png",
            "image_192": "https:\/\/secure.gravatar.com\/avatar\/9f9137124f44060a0fb846f648c9561f.jpg?s=192&d=https%3A%2F%2Fa.slack-edge.com%2Fdf10d%2Fimg%2Favatars%2Fava_0026-192.png",
            "image_512": "https:\/\/secure.gravatar.com\/avatar\/9f9137124f44060a0fb846f648c9561f.jpg?s=512&d=https%3A%2F%2Fa.slack-edge.com%2Fdf10d%2Fimg%2Favatars%2Fava_0026-512.png",
            "status_text_canonical": "",
            "team": "TNN3BM5N1"
        },
        "is_admin": false,
        "is_owner": false,
        "is_primary_owner": false,
        "is_restricted": false,
        "is_ultra_restricted": false,
        "is_bot": false,
        "is_app_user": false,
        "updated": 1569257337
    },
    {
        "id": "UNN3G91A9",
        "team_id": "TNN3BM5N1",
        "name": "tam44",
        "deleted": false,
        "color": "4bbe2e",
        "real_name": "Todd Murphy",
        "tz": "America\/New_York",
        "tz_label": "Eastern Standard Time",
        "tz_offset": -18000,
        "profile": {
            "title": "",
            "phone": "",
            "skype": "",
            "real_name": "Todd Murphy",
            "real_name_normalized": "Todd Murphy",
            "display_name": "Todd Murphy",
            "display_name_normalized": "Todd Murphy",
            "fields": null,
            "status_text": "",
            "status_emoji": "",
            "status_expiration": 0,
            "avatar_hash": "gaa567b03c43",
            "email": "tam44@njit.edu",
            "first_name": "",
            "last_name": "",
            "image_24": "https:\/\/secure.gravatar.com\/avatar\/aa567b03c43d16fe9862dd1fddf1112c.jpg?s=24&d=https%3A%2F%2Fa.slack-edge.com%2Fdf10d%2Fimg%2Favatars%2Fava_0008-24.png",
            "image_32": "https:\/\/secure.gravatar.com\/avatar\/aa567b03c43d16fe9862dd1fddf1112c.jpg?s=32&d=https%3A%2F%2Fa.slack-edge.com%2Fdf10d%2Fimg%2Favatars%2Fava_0008-32.png",
            "image_48": "https:\/\/secure.gravatar.com\/avatar\/aa567b03c43d16fe9862dd1fddf1112c.jpg?s=48&d=https%3A%2F%2Fa.slack-edge.com%2Fdf10d%2Fimg%2Favatars%2Fava_0008-48.png",
            "image_72": "https:\/\/secure.gravatar.com\/avatar\/aa567b03c43d16fe9862dd1fddf1112c.jpg?s=72&d=https%3A%2F%2Fa.slack-edge.com%2Fdf10d%2Fimg%2Favatars%2Fava_0008-72.png",
            "image_192": "https:\/\/secure.gravatar.com\/avatar\/aa567b03c43d16fe9862dd1fddf1112c.jpg?s=192&d=https%3A%2F%2Fa.slack-edge.com%2Fdf10d%2Fimg%2Favatars%2Fava_0008-192.png",
            "image_512": "https:\/\/secure.gravatar.com\/avatar\/aa567b03c43d16fe9862dd1fddf1112c.jpg?s=512&d=https%3A%2F%2Fa.slack-edge.com%2Fdf10d%2Fimg%2Favatars%2Fava_0008-512.png",
            "status_text_canonical": "",
            "team": "TNN3BM5N1"
        },
        "is_admin": false,
        "is_owner": false,
        "is_primary_owner": false,
        "is_restricted": false,
        "is_ultra_restricted": false,
        "is_bot": false,
        "is_app_user": false,
        "updated": 1569257046
    },
    {
        "id": "UNPPN7QDT",
        "team_id": "TNN3BM5N1",
        "name": "pvangapandu.fa17",
        "deleted": false,
        "color": "3c989f",
        "real_name": "Panchajanya Vangapandu",
        "tz": "America\/New_York",
        "tz_label": "Eastern Standard Time",
        "tz_offset": -18000,
        "profile": {
            "title": "",
            "phone": "",
            "skype": "",
            "real_name": "Panchajanya Vangapandu",
            "real_name_normalized": "Panchajanya Vangapandu",
            "display_name": "Panchajanya Vangapandu",
            "display_name_normalized": "Panchajanya Vangapandu",
            "fields": null,
            "status_text": "",
            "status_emoji": "",
            "status_expiration": 0,
            "avatar_hash": "6c9fd131469b",
            "image_original": "https:\/\/avatars.slack-edge.com\/2019-09-24\/771901658133_6c9fd131469be802ae52_original.jpg",
            "is_custom_image": true,
            "email": "pvangapandu.fa17@gmail.com",
            "first_name": "",
            "last_name": "",
            "image_24": "https:\/\/avatars.slack-edge.com\/2019-09-24\/771901658133_6c9fd131469be802ae52_24.jpg",
            "image_32": "https:\/\/avatars.slack-edge.com\/2019-09-24\/771901658133_6c9fd131469be802ae52_32.jpg",
            "image_48": "https:\/\/avatars.slack-edge.com\/2019-09-24\/771901658133_6c9fd131469be802ae52_48.jpg",
            "image_72": "https:\/\/avatars.slack-edge.com\/2019-09-24\/771901658133_6c9fd131469be802ae52_72.jpg",
            "image_192": "https:\/\/avatars.slack-edge.com\/2019-09-24\/771901658133_6c9fd131469be802ae52_192.jpg",
            "image_512": "https:\/\/avatars.slack-edge.com\/2019-09-24\/771901658133_6c9fd131469be802ae52_512.jpg",
            "image_1024": "https:\/\/avatars.slack-edge.com\/2019-09-24\/771901658133_6c9fd131469be802ae52_1024.jpg",
            "status_text_canonical": "",
            "team": "TNN3BM5N1"
        },
        "is_admin": false,
        "is_owner": false,
        "is_primary_owner": false,
        "is_restricted": false,
        "is_ultra_restricted": false,
        "is_bot": false,
        "is_app_user": false,
        "updated": 1572881269
    },
    {
        "id": "UP2GHQQ1E",
        "team_id": "TNN3BM5N1",
        "name": "googledrive",
        "deleted": false,
        "color": "674b1b",
        "real_name": "Google Drive",
        "tz": "America\/Los_Angeles",
        "tz_label": "Pacific Standard Time",
        "tz_offset": -28800,
        "profile": {
            "title": "",
            "phone": "",
            "skype": "",
            "real_name": "Google Drive",
            "real_name_normalized": "Google Drive",
            "display_name": "Google Drive",
            "display_name_normalized": "Google Drive",
            "fields": null,
            "status_text": "",
            "status_emoji": "",
            "status_expiration": 0,
            "avatar_hash": "8b440607689e",
            "api_app_id": "A6NL8MJ6Q",
            "always_active": true,
            "image_original": "https:\/\/avatars.slack-edge.com\/2019-10-04\/771777621906_8b440607689e7fdb23e2_original.png",
            "is_custom_image": true,
            "bot_id": "BP2GG0ULV",
            "first_name": "Google",
            "last_name": "Drive",
            "image_24": "https:\/\/avatars.slack-edge.com\/2019-10-04\/771777621906_8b440607689e7fdb23e2_24.png",
            "image_32": "https:\/\/avatars.slack-edge.com\/2019-10-04\/771777621906_8b440607689e7fdb23e2_32.png",
            "image_48": "https:\/\/avatars.slack-edge.com\/2019-10-04\/771777621906_8b440607689e7fdb23e2_48.png",
            "image_72": "https:\/\/avatars.slack-edge.com\/2019-10-04\/771777621906_8b440607689e7fdb23e2_72.png",
            "image_192": "https:\/\/avatars.slack-edge.com\/2019-10-04\/771777621906_8b440607689e7fdb23e2_192.png",
            "image_512": "https:\/\/avatars.slack-edge.com\/2019-10-04\/771777621906_8b440607689e7fdb23e2_512.png",
            "image_1024": "https:\/\/avatars.slack-edge.com\/2019-10-04\/771777621906_8b440607689e7fdb23e2_1024.png",
            "status_text_canonical": "",
            "team": "TNN3BM5N1"
        },
        "is_admin": false,
        "is_owner": false,
        "is_primary_owner": false,
        "is_restricted": false,
        "is_ultra_restricted": false,
        "is_bot": true,
        "is_app_user": false,
        "updated": 1574704033
    },
    {
        "id": "UQR64SYF8",
        "team_id": "TNN3BM5N1",
        "name": "vnp28",
        "deleted": false,
        "color": "e96699",
        "real_name": "Vishal Patel",
        "tz": "America\/New_York",
        "tz_label": "Eastern Standard Time",
        "tz_offset": -18000,
        "profile": {
            "title": "",
            "phone": "",
            "skype": "",
            "real_name": "Vishal Patel",
            "real_name_normalized": "Vishal Patel",
            "display_name": "",
            "display_name_normalized": "",
            "fields": null,
            "status_text": "",
            "status_emoji": "",
            "status_expiration": 0,
            "avatar_hash": "g5c4285254ac",
            "email": "vnp28@njit.edu",
            "image_24": "https:\/\/secure.gravatar.com\/avatar\/5c4285254ac716544400a92a2a2d6ee6.jpg?s=24&d=https%3A%2F%2Fa.slack-edge.com%2Fdf10d%2Fimg%2Favatars%2Fava_0003-24.png",
            "image_32": "https:\/\/secure.gravatar.com\/avatar\/5c4285254ac716544400a92a2a2d6ee6.jpg?s=32&d=https%3A%2F%2Fa.slack-edge.com%2Fdf10d%2Fimg%2Favatars%2Fava_0003-32.png",
            "image_48": "https:\/\/secure.gravatar.com\/avatar\/5c4285254ac716544400a92a2a2d6ee6.jpg?s=48&d=https%3A%2F%2Fa.slack-edge.com%2Fdf10d%2Fimg%2Favatars%2Fava_0003-48.png",
            "image_72": "https:\/\/secure.gravatar.com\/avatar\/5c4285254ac716544400a92a2a2d6ee6.jpg?s=72&d=https%3A%2F%2Fa.slack-edge.com%2Fdf10d%2Fimg%2Favatars%2Fava_0003-72.png",
            "image_192": "https:\/\/secure.gravatar.com\/avatar\/5c4285254ac716544400a92a2a2d6ee6.jpg?s=192&d=https%3A%2F%2Fa.slack-edge.com%2Fdf10d%2Fimg%2Favatars%2Fava_0003-192.png",
            "image_512": "https:\/\/secure.gravatar.com\/avatar\/5c4285254ac716544400a92a2a2d6ee6.jpg?s=512&d=https%3A%2F%2Fa.slack-edge.com%2Fdf10d%2Fimg%2Favatars%2Fava_0003-512.png",
            "status_text_canonical": "",
            "team": "TNN3BM5N1"
        },
        "is_admin": false,
        "is_owner": false,
        "is_primary_owner": false,
        "is_restricted": false,
        "is_ultra_restricted": false,
        "is_bot": false,
        "is_app_user": false,
        "updated": 1576766770
    }
]