[
    {
        "client_msg_id": "E40BA50A-A59A-4E3B-9E93-390D0DE75B1C",
        "type": "message",
        "text": "Guys, do we plan on meeting Friday? If no, I’m  going to go home Thursday night to take care of somethings, please let me know ",
        "user": "UNFLCPZHP",
        "ts": "1576004673.000900",
        "team": "TNN3BM5N1",
        "user_team": "TNN3BM5N1",
        "source_team": "TNN3BM5N1",
        "user_profile": {
            "avatar_hash": "6ef87ac1f6e9",
            "image_72": "https:\/\/avatars.slack-edge.com\/2019-09-24\/773662685239_6ef87ac1f6e98ace1477_72.png",
            "first_name": "Michael",
            "real_name": "Michael DeMeo",
            "display_name": "",
            "team": "TNN3BM5N1",
            "name": "md458",
            "is_restricted": false,
            "is_ultra_restricted": false
        }
    },
    {
        "client_msg_id": "50f12ac7-2a10-4173-bede-78fcfa6b1cfb",
        "type": "message",
        "text": "I don't think we plan on it <@UNFLCPZHP>",
        "user": "UNPPN7QDT",
        "ts": "1576006134.000400",
        "team": "TNN3BM5N1",
        "user_team": "TNN3BM5N1",
        "source_team": "TNN3BM5N1",
        "user_profile": {
            "avatar_hash": "6c9fd131469b",
            "image_72": "https:\/\/avatars.slack-edge.com\/2019-09-24\/771901658133_6c9fd131469be802ae52_72.jpg",
            "first_name": "",
            "real_name": "Panchajanya Vangapandu",
            "display_name": "Panchajanya Vangapandu",
            "team": "TNN3BM5N1",
            "name": "pvangapandu.fa17",
            "is_restricted": false,
            "is_ultra_restricted": false
        },
        "blocks": [
            {
                "type": "rich_text",
                "block_id": "uSH",
                "elements": [
                    {
                        "type": "rich_text_section",
                        "elements": [
                            {
                                "type": "text",
                                "text": "I don't think we plan on it "
                            },
                            {
                                "type": "user",
                                "user_id": "UNFLCPZHP"
                            }
                        ]
                    }
                ]
            }
        ]
    }
]