[
    {
        "type": "message",
        "subtype": "channel_join",
        "ts": "1569256860.000200",
        "user": "UNFLCPZHP",
        "text": "<@UNFLCPZHP> has joined the channel"
    },
    {
        "type": "message",
        "subtype": "channel_join",
        "ts": "1569257046.000400",
        "user": "UNN3G91A9",
        "text": "<@UNN3G91A9> has joined the channel"
    },
    {
        "type": "message",
        "subtype": "channel_join",
        "ts": "1569257334.000600",
        "user": "UNMKAJXK6",
        "text": "<@UNMKAJXK6> has joined the channel"
    }
]