[
    {
        "client_msg_id": "7ab11156-27ce-40cc-a628-5ad585dcab77",
        "type": "message",
        "text": "hey guys something came up on Tuesday this week and I will not be able to meet until later in the day. So if you guys want to start meeting without me, I can join in later. Probably around 6pm.",
        "user": "UNN3G91A9",
        "ts": "1576435597.000900",
        "team": "TNN3BM5N1",
        "user_team": "TNN3BM5N1",
        "source_team": "TNN3BM5N1",
        "user_profile": {
            "avatar_hash": "gaa567b03c43",
            "image_72": "https:\/\/secure.gravatar.com\/avatar\/aa567b03c43d16fe9862dd1fddf1112c.jpg?s=72&d=https%3A%2F%2Fa.slack-edge.com%2Fdf10d%2Fimg%2Favatars%2Fava_0008-72.png",
            "first_name": "",
            "real_name": "Todd Murphy",
            "display_name": "Todd Murphy",
            "team": "TNN3BM5N1",
            "name": "tam44",
            "is_restricted": false,
            "is_ultra_restricted": false
        },
        "blocks": [
            {
                "type": "rich_text",
                "block_id": "q\/5Z\/",
                "elements": [
                    {
                        "type": "rich_text_section",
                        "elements": [
                            {
                                "type": "text",
                                "text": "hey guys something came up on Tuesday this week and I will not be able to meet until later in the day. So if you guys want to start meeting without me, I can join in later. Probably around 6pm."
                            }
                        ]
                    }
                ]
            }
        ]
    },
    {
        "client_msg_id": "f09c1ead-1dd2-4ad4-a104-d46d01853c02",
        "type": "message",
        "text": "Okay, should we just push back the meeting to like 3 then? Because I have 2 exams on Wednesday that I want time to study for, so let's say 3 to 8? And Todd can join us at 6",
        "user": "UNPPN7QDT",
        "ts": "1576435758.002600",
        "team": "TNN3BM5N1",
        "user_team": "TNN3BM5N1",
        "source_team": "TNN3BM5N1",
        "user_profile": {
            "avatar_hash": "6c9fd131469b",
            "image_72": "https:\/\/avatars.slack-edge.com\/2019-09-24\/771901658133_6c9fd131469be802ae52_72.jpg",
            "first_name": "",
            "real_name": "Panchajanya Vangapandu",
            "display_name": "Panchajanya Vangapandu",
            "team": "TNN3BM5N1",
            "name": "pvangapandu.fa17",
            "is_restricted": false,
            "is_ultra_restricted": false
        },
        "blocks": [
            {
                "type": "rich_text",
                "block_id": "ZbZT",
                "elements": [
                    {
                        "type": "rich_text_section",
                        "elements": [
                            {
                                "type": "text",
                                "text": "Okay, should we just push back the meeting to like 3 then? Because I have 2 exams on Wednesday that I want time to study for, so let's say 3 to 8? And Todd can join us at 6"
                            }
                        ]
                    }
                ]
            }
        ]
    },
    {
        "client_msg_id": "F359D1A3-7E61-4A90-A3EC-31D80C351D30",
        "type": "message",
        "text": "That works for me",
        "user": "UNFLCPZHP",
        "ts": "1576436051.002800",
        "team": "TNN3BM5N1",
        "user_team": "TNN3BM5N1",
        "source_team": "TNN3BM5N1",
        "user_profile": {
            "avatar_hash": "6ef87ac1f6e9",
            "image_72": "https:\/\/avatars.slack-edge.com\/2019-09-24\/773662685239_6ef87ac1f6e98ace1477_72.png",
            "first_name": "Michael",
            "real_name": "Michael DeMeo",
            "display_name": "",
            "team": "TNN3BM5N1",
            "name": "md458",
            "is_restricted": false,
            "is_ultra_restricted": false
        },
        "blocks": [
            {
                "type": "rich_text",
                "block_id": "Ob7",
                "elements": [
                    {
                        "type": "rich_text_section",
                        "elements": [
                            {
                                "type": "text",
                                "text": "That works for me"
                            }
                        ]
                    }
                ]
            }
        ]
    },
    {
        "client_msg_id": "D1EB8D43-3FCC-4336-BFB9-FD97B55F47D8",
        "type": "message",
        "text": "We’re gonna need the router tho",
        "user": "UNFLCPZHP",
        "ts": "1576436065.003100",
        "team": "TNN3BM5N1",
        "user_team": "TNN3BM5N1",
        "source_team": "TNN3BM5N1",
        "user_profile": {
            "avatar_hash": "6ef87ac1f6e9",
            "image_72": "https:\/\/avatars.slack-edge.com\/2019-09-24\/773662685239_6ef87ac1f6e98ace1477_72.png",
            "first_name": "Michael",
            "real_name": "Michael DeMeo",
            "display_name": "",
            "team": "TNN3BM5N1",
            "name": "md458",
            "is_restricted": false,
            "is_ultra_restricted": false
        },
        "blocks": [
            {
                "type": "rich_text",
                "block_id": "sby6",
                "elements": [
                    {
                        "type": "rich_text_section",
                        "elements": [
                            {
                                "type": "text",
                                "text": "We’re gonna need the router tho"
                            }
                        ]
                    }
                ]
            }
        ]
    },
    {
        "client_msg_id": "433c94b1-825a-492f-b84f-256494bafbc5",
        "type": "message",
        "text": "We can pick it from Todd beforehand",
        "user": "UNPPN7QDT",
        "ts": "1576436098.003500",
        "team": "TNN3BM5N1",
        "user_team": "TNN3BM5N1",
        "source_team": "TNN3BM5N1",
        "user_profile": {
            "avatar_hash": "6c9fd131469b",
            "image_72": "https:\/\/avatars.slack-edge.com\/2019-09-24\/771901658133_6c9fd131469be802ae52_72.jpg",
            "first_name": "",
            "real_name": "Panchajanya Vangapandu",
            "display_name": "Panchajanya Vangapandu",
            "team": "TNN3BM5N1",
            "name": "pvangapandu.fa17",
            "is_restricted": false,
            "is_ultra_restricted": false
        },
        "blocks": [
            {
                "type": "rich_text",
                "block_id": "rzc6",
                "elements": [
                    {
                        "type": "rich_text_section",
                        "elements": [
                            {
                                "type": "text",
                                "text": "We can pick it from Todd beforehand"
                            }
                        ]
                    }
                ]
            }
        ]
    },
    {
        "client_msg_id": "4a433c84-9b93-4f1f-834c-da03b4426a5d",
        "type": "message",
        "text": "If he's fine with letting us use it",
        "user": "UNPPN7QDT",
        "ts": "1576436108.003800",
        "team": "TNN3BM5N1",
        "user_team": "TNN3BM5N1",
        "source_team": "TNN3BM5N1",
        "user_profile": {
            "avatar_hash": "6c9fd131469b",
            "image_72": "https:\/\/avatars.slack-edge.com\/2019-09-24\/771901658133_6c9fd131469be802ae52_72.jpg",
            "first_name": "",
            "real_name": "Panchajanya Vangapandu",
            "display_name": "Panchajanya Vangapandu",
            "team": "TNN3BM5N1",
            "name": "pvangapandu.fa17",
            "is_restricted": false,
            "is_ultra_restricted": false
        },
        "blocks": [
            {
                "type": "rich_text",
                "block_id": "iIJX7",
                "elements": [
                    {
                        "type": "rich_text_section",
                        "elements": [
                            {
                                "type": "text",
                                "text": "If he's fine with letting us use it"
                            }
                        ]
                    }
                ]
            }
        ]
    },
    {
        "client_msg_id": "E20055D6-614B-45F5-9811-657E9383AA4D",
        "type": "message",
        "text": "I’m sure he would be ",
        "user": "UNFLCPZHP",
        "ts": "1576438363.004000",
        "team": "TNN3BM5N1",
        "user_team": "TNN3BM5N1",
        "source_team": "TNN3BM5N1",
        "user_profile": {
            "avatar_hash": "6ef87ac1f6e9",
            "image_72": "https:\/\/avatars.slack-edge.com\/2019-09-24\/773662685239_6ef87ac1f6e98ace1477_72.png",
            "first_name": "Michael",
            "real_name": "Michael DeMeo",
            "display_name": "",
            "team": "TNN3BM5N1",
            "name": "md458",
            "is_restricted": false,
            "is_ultra_restricted": false
        },
        "blocks": [
            {
                "type": "rich_text",
                "block_id": "2DHs",
                "elements": [
                    {
                        "type": "rich_text_section",
                        "elements": [
                            {
                                "type": "text",
                                "text": "I’m sure he would be "
                            }
                        ]
                    }
                ]
            }
        ]
    }
]