[
    {
        "client_msg_id": "88AA4CC9-4736-4814-898B-5DB760DD88CB",
        "type": "message",
        "text": "<https:\/\/codewithawa.com\/posts\/like-dislike-system-with-php-and--mysql>",
        "user": "UNMKAJXK6",
        "ts": "1571067384.000200",
        "team": "TNN3BM5N1",
        "user_team": "TNN3BM5N1",
        "source_team": "TNN3BM5N1",
        "user_profile": {
            "avatar_hash": "g9f9137124f4",
            "image_72": "https:\/\/secure.gravatar.com\/avatar\/9f9137124f44060a0fb846f648c9561f.jpg?s=72&d=https%3A%2F%2Fa.slack-edge.com%2Fdf10d%2Fimg%2Favatars%2Fava_0026-72.png",
            "first_name": "",
            "real_name": "Het Patel",
            "display_name": "",
            "team": "TNN3BM5N1",
            "name": "hp342",
            "is_restricted": false,
            "is_ultra_restricted": false
        },
        "attachments": [
            {
                "title": "Like Dislike system with PHP and  MySQL",
                "title_link": "https:\/\/codewithawa.com\/posts\/like-dislike-system-with-php-and--mysql",
                "fallback": "Like Dislike system with PHP and  MySQL",
                "image_url": "https:\/\/codewithawa.com\/assets\/featured_images\/like_dislike_final.png.2017-12-27.1514367774.png",
                "from_url": "https:\/\/codewithawa.com\/posts\/like-dislike-system-with-php-and--mysql",
                "image_width": 462,
                "image_height": 250,
                "image_bytes": 33527,
                "service_name": "codewithawa.com",
                "id": 1,
                "original_url": "https:\/\/codewithawa.com\/posts\/like-dislike-system-with-php-and--mysql"
            }
        ]
    },
    {
        "client_msg_id": "D857EB80-930D-488B-81D5-10AC639A52A3",
        "type": "message",
        "text": "<https:\/\/analyticsindiamag.com\/5-open-source-recommender-systems-you-should-try-for-your-next-project\/>",
        "user": "UNMKAJXK6",
        "ts": "1571071696.000200",
        "team": "TNN3BM5N1",
        "user_team": "TNN3BM5N1",
        "source_team": "TNN3BM5N1",
        "user_profile": {
            "avatar_hash": "g9f9137124f4",
            "image_72": "https:\/\/secure.gravatar.com\/avatar\/9f9137124f44060a0fb846f648c9561f.jpg?s=72&d=https%3A%2F%2Fa.slack-edge.com%2Fdf10d%2Fimg%2Favatars%2Fava_0026-72.png",
            "first_name": "",
            "real_name": "Het Patel",
            "display_name": "",
            "team": "TNN3BM5N1",
            "name": "hp342",
            "is_restricted": false,
            "is_ultra_restricted": false
        },
        "attachments": [
            {
                "service_name": "Analytics India Magazine",
                "title": "5 Open-Source Recommender Systems You Should Try For Your Next Project",
                "title_link": "https:\/\/analyticsindiamag.com\/5-open-source-recommender-systems-you-should-try-for-your-next-project\/",
                "text": "A recommender system is a subclass of information filtering system that tries to make predictions on user preferences and also make recommendations.",
                "fallback": "Analytics India Magazine: 5 Open-Source Recommender Systems You Should Try For Your Next Project",
                "image_url": "https:\/\/analyticsindiamag.com\/wp-content\/uploads\/2019\/06\/You-May-Also-Like.png",
                "image_width": 401,
                "image_height": 250,
                "ts": 1559729901,
                "from_url": "https:\/\/analyticsindiamag.com\/5-open-source-recommender-systems-you-should-try-for-your-next-project\/",
                "image_bytes": 841677,
                "service_icon": "https:\/\/analyticsindiamag.com\/wp-content\/uploads\/2015\/05\/cropped-AIM_Logo_RGB-e1453181584369-180x180.png",
                "id": 1,
                "original_url": "https:\/\/analyticsindiamag.com\/5-open-source-recommender-systems-you-should-try-for-your-next-project\/"
            }
        ]
    }
]