[
    {
        "client_msg_id": "D8C0B33A-6689-466E-9D75-3E37AB151987",
        "type": "message",
        "text": "Good morning let’s get this bread ",
        "user": "UNFLCPZHP",
        "ts": "1572097875.000300",
        "team": "TNN3BM5N1",
        "user_team": "TNN3BM5N1",
        "source_team": "TNN3BM5N1",
        "user_profile": {
            "avatar_hash": "6ef87ac1f6e9",
            "image_72": "https:\/\/avatars.slack-edge.com\/2019-09-24\/773662685239_6ef87ac1f6e98ace1477_72.png",
            "first_name": "Michael",
            "real_name": "Michael DeMeo",
            "display_name": "",
            "team": "TNN3BM5N1",
            "name": "md458",
            "is_restricted": false,
            "is_ultra_restricted": false
        }
    },
    {
        "client_msg_id": "4d91b7b1-585e-4e11-96b7-5828fe4ddf4b",
        "type": "message",
        "text": "Let's get this distributed logging",
        "user": "UNPPN7QDT",
        "ts": "1572098281.000600",
        "team": "TNN3BM5N1",
        "user_team": "TNN3BM5N1",
        "source_team": "TNN3BM5N1",
        "user_profile": {
            "avatar_hash": "6c9fd131469b",
            "image_72": "https:\/\/avatars.slack-edge.com\/2019-09-24\/771901658133_6c9fd131469be802ae52_72.jpg",
            "first_name": "",
            "real_name": "Panchajanya Vangapandu",
            "display_name": "Panchajanya Vangapandu",
            "team": "TNN3BM5N1",
            "name": "pvangapandu.fa17",
            "is_restricted": false,
            "is_ultra_restricted": false
        }
    },
    {
        "client_msg_id": "20AFCAC3-EF6B-4466-AE42-4700FCE18E3B",
        "type": "message",
        "text": "Todd. Just go through side door?",
        "user": "UNFLCPZHP",
        "ts": "1572098317.001200",
        "team": "TNN3BM5N1",
        "user_team": "TNN3BM5N1",
        "source_team": "TNN3BM5N1",
        "user_profile": {
            "avatar_hash": "6ef87ac1f6e9",
            "image_72": "https:\/\/avatars.slack-edge.com\/2019-09-24\/773662685239_6ef87ac1f6e98ace1477_72.png",
            "first_name": "Michael",
            "real_name": "Michael DeMeo",
            "display_name": "",
            "team": "TNN3BM5N1",
            "name": "md458",
            "is_restricted": false,
            "is_ultra_restricted": false
        }
    },
    {
        "client_msg_id": "754591B9-57FB-47FC-BC73-2241E1E83560",
        "type": "message",
        "text": "yup",
        "user": "UNN3G91A9",
        "ts": "1572098332.001400",
        "team": "TNN3BM5N1",
        "user_team": "TNN3BM5N1",
        "source_team": "TNN3BM5N1",
        "user_profile": {
            "avatar_hash": "gaa567b03c43",
            "image_72": "https:\/\/secure.gravatar.com\/avatar\/aa567b03c43d16fe9862dd1fddf1112c.jpg?s=72&d=https%3A%2F%2Fa.slack-edge.com%2Fdf10d%2Fimg%2Favatars%2Fava_0008-72.png",
            "first_name": "",
            "real_name": "Todd Murphy",
            "display_name": "Todd Murphy",
            "team": "TNN3BM5N1",
            "name": "tam44",
            "is_restricted": false,
            "is_ultra_restricted": false
        }
    },
    {
        "client_msg_id": "47c86edc-f550-42b9-9f2e-7c08846ef8cd",
        "type": "message",
        "text": "Just finishing up breakfast, gonna be like 10 mins late",
        "user": "UNPPN7QDT",
        "ts": "1572098350.001900",
        "team": "TNN3BM5N1",
        "user_team": "TNN3BM5N1",
        "source_team": "TNN3BM5N1",
        "user_profile": {
            "avatar_hash": "6c9fd131469b",
            "image_72": "https:\/\/avatars.slack-edge.com\/2019-09-24\/771901658133_6c9fd131469be802ae52_72.jpg",
            "first_name": "",
            "real_name": "Panchajanya Vangapandu",
            "display_name": "Panchajanya Vangapandu",
            "team": "TNN3BM5N1",
            "name": "pvangapandu.fa17",
            "is_restricted": false,
            "is_ultra_restricted": false
        }
    },
    {
        "client_msg_id": "1015B77C-DC99-4854-BADD-52B60307A42F",
        "type": "message",
        "text": "<http:\/\/bookkeeper.apache.org\/distributedlog\/>",
        "user": "UNFLCPZHP",
        "ts": "1572105668.000200",
        "team": "TNN3BM5N1",
        "user_team": "TNN3BM5N1",
        "source_team": "TNN3BM5N1",
        "user_profile": {
            "avatar_hash": "6ef87ac1f6e9",
            "image_72": "https:\/\/avatars.slack-edge.com\/2019-09-24\/773662685239_6ef87ac1f6e98ace1477_72.png",
            "first_name": "Michael",
            "real_name": "Michael DeMeo",
            "display_name": "",
            "team": "TNN3BM5N1",
            "name": "md458",
            "is_restricted": false,
            "is_ultra_restricted": false
        },
        "attachments": [
            {
                "title": "Apache DistributedLog",
                "title_link": "http:\/\/bookkeeper.apache.org\/distributedlog\/",
                "text": "Apache DistributedLog is an high performance replicated log.",
                "fallback": "Apache DistributedLog",
                "from_url": "http:\/\/bookkeeper.apache.org\/distributedlog\/",
                "service_icon": "http:\/\/bookkeeper.apache.org\/favicon.ico",
                "service_name": "bookkeeper.apache.org",
                "id": 1,
                "original_url": "http:\/\/bookkeeper.apache.org\/distributedlog\/"
            }
        ]
    },
    {
        "client_msg_id": "e76c1062-1bb3-47d2-aa6e-ac22a97c2e24",
        "type": "message",
        "text": "ok guys, I updated the slide show with 5 movies (Joker, IT chapter 2, zombieland double tap, maleficent mistress of evil, and the addams family) what else did you guys want me to fix on the front end side?",
        "user": "UNFLCPZHP",
        "ts": "1572128048.001200",
        "team": "TNN3BM5N1",
        "user_team": "TNN3BM5N1",
        "source_team": "TNN3BM5N1",
        "user_profile": {
            "avatar_hash": "6ef87ac1f6e9",
            "image_72": "https:\/\/avatars.slack-edge.com\/2019-09-24\/773662685239_6ef87ac1f6e98ace1477_72.png",
            "first_name": "Michael",
            "real_name": "Michael DeMeo",
            "display_name": "",
            "team": "TNN3BM5N1",
            "name": "md458",
            "is_restricted": false,
            "is_ultra_restricted": false
        }
    },
    {
        "client_msg_id": "679d4bc1-59a5-43b3-bb9a-d97c6f69d713",
        "type": "message",
        "text": "added styling to like dislike table, update from master, wont be able to see what it looks like tho until monday so hopefully it works",
        "user": "UNFLCPZHP",
        "ts": "1572130277.001900",
        "team": "TNN3BM5N1",
        "user_team": "TNN3BM5N1",
        "source_team": "TNN3BM5N1",
        "user_profile": {
            "avatar_hash": "6ef87ac1f6e9",
            "image_72": "https:\/\/avatars.slack-edge.com\/2019-09-24\/773662685239_6ef87ac1f6e98ace1477_72.png",
            "first_name": "Michael",
            "real_name": "Michael DeMeo",
            "display_name": "",
            "team": "TNN3BM5N1",
            "name": "md458",
            "is_restricted": false,
            "is_ultra_restricted": false
        }
    },
    {
        "client_msg_id": "E7836EDA-A656-45F3-8FF5-61E85A2DC077",
        "type": "message",
        "text": "If you can fix the login button on login page ",
        "user": "UNMKAJXK6",
        "ts": "1572130309.002500",
        "team": "TNN3BM5N1",
        "user_team": "TNN3BM5N1",
        "source_team": "TNN3BM5N1",
        "user_profile": {
            "avatar_hash": "g9f9137124f4",
            "image_72": "https:\/\/secure.gravatar.com\/avatar\/9f9137124f44060a0fb846f648c9561f.jpg?s=72&d=https%3A%2F%2Fa.slack-edge.com%2Fdf10d%2Fimg%2Favatars%2Fava_0026-72.png",
            "first_name": "",
            "real_name": "Het Patel",
            "display_name": "",
            "team": "TNN3BM5N1",
            "name": "hp342",
            "is_restricted": false,
            "is_ultra_restricted": false
        }
    },
    {
        "client_msg_id": "c6c2bb98-a220-4d17-95fa-d4a14b86d466",
        "type": "message",
        "text": "did that",
        "user": "UNFLCPZHP",
        "ts": "1572130314.002700",
        "team": "TNN3BM5N1",
        "user_team": "TNN3BM5N1",
        "source_team": "TNN3BM5N1",
        "user_profile": {
            "avatar_hash": "6ef87ac1f6e9",
            "image_72": "https:\/\/avatars.slack-edge.com\/2019-09-24\/773662685239_6ef87ac1f6e98ace1477_72.png",
            "first_name": "Michael",
            "real_name": "Michael DeMeo",
            "display_name": "",
            "team": "TNN3BM5N1",
            "name": "md458",
            "is_restricted": false,
            "is_ultra_restricted": false
        }
    },
    {
        "client_msg_id": "C4B0F6B4-C52D-4B85-8863-64B0522E464D",
        "type": "message",
        "text": ":i_love_you_hand_sign::skin-tone-2:",
        "user": "UNMKAJXK6",
        "ts": "1572130331.003100",
        "team": "TNN3BM5N1",
        "user_team": "TNN3BM5N1",
        "source_team": "TNN3BM5N1",
        "user_profile": {
            "avatar_hash": "g9f9137124f4",
            "image_72": "https:\/\/secure.gravatar.com\/avatar\/9f9137124f44060a0fb846f648c9561f.jpg?s=72&d=https%3A%2F%2Fa.slack-edge.com%2Fdf10d%2Fimg%2Favatars%2Fava_0026-72.png",
            "first_name": "",
            "real_name": "Het Patel",
            "display_name": "",
            "team": "TNN3BM5N1",
            "name": "hp342",
            "is_restricted": false,
            "is_ultra_restricted": false
        }
    },
    {
        "client_msg_id": "895ee142-3a68-435f-b26f-632e1e0a0335",
        "type": "message",
        "text": "Great!",
        "user": "UNPPN7QDT",
        "ts": "1572132302.000300",
        "team": "TNN3BM5N1",
        "user_team": "TNN3BM5N1",
        "source_team": "TNN3BM5N1",
        "user_profile": {
            "avatar_hash": "6c9fd131469b",
            "image_72": "https:\/\/avatars.slack-edge.com\/2019-09-24\/771901658133_6c9fd131469be802ae52_72.jpg",
            "first_name": "",
            "real_name": "Panchajanya Vangapandu",
            "display_name": "Panchajanya Vangapandu",
            "team": "TNN3BM5N1",
            "name": "pvangapandu.fa17",
            "is_restricted": false,
            "is_ultra_restricted": false
        }
    },
    {
        "client_msg_id": "73DE6D80-3EF6-4F83-9C36-A62297CE5EA7",
        "type": "message",
        "text": "<https:\/\/www.google.com\/amp\/s\/www.tecmint.com\/install-rsyslog-centralized-logging-in-centos-ubuntu\/amp\/>",
        "user": "UNFLCPZHP",
        "ts": "1572135150.000200",
        "team": "TNN3BM5N1",
        "user_team": "TNN3BM5N1",
        "source_team": "TNN3BM5N1",
        "user_profile": {
            "avatar_hash": "6ef87ac1f6e9",
            "image_72": "https:\/\/avatars.slack-edge.com\/2019-09-24\/773662685239_6ef87ac1f6e98ace1477_72.png",
            "first_name": "Michael",
            "real_name": "Michael DeMeo",
            "display_name": "",
            "team": "TNN3BM5N1",
            "name": "md458",
            "is_restricted": false,
            "is_ultra_restricted": false
        },
        "attachments": [
            {
                "title": "How to Setup Central Logging Server with Rsyslog in Linux",
                "title_link": "https:\/\/www.google.com\/amp\/s\/www.tecmint.com\/install-rsyslog-centralized-logging-in-centos-ubuntu\/amp\/",
                "text": "Rsyslog is a high-performance log processing system, in this article we will show you how to install and configure Rsyslog as a central\/network logging server.",
                "fallback": "How to Setup Central Logging Server with Rsyslog in Linux",
                "image_url": "https:\/\/www.tecmint.com\/wp-content\/uploads\/2018\/10\/Install-Rsyslog-Central-Logging-in-CentOS-Ubuntu.png",
                "from_url": "https:\/\/www.google.com\/amp\/s\/www.tecmint.com\/install-rsyslog-centralized-logging-in-centos-ubuntu\/amp\/",
                "image_width": 529,
                "image_height": 250,
                "image_bytes": 16568,
                "service_icon": "https:\/\/www.tecmint.com\/wp-content\/uploads\/2015\/01\/tecmint_square_logo.png",
                "service_name": "tecmint.com",
                "id": 1,
                "original_url": "https:\/\/www.google.com\/amp\/s\/www.tecmint.com\/install-rsyslog-centralized-logging-in-centos-ubuntu\/amp\/"
            }
        ]
    },
    {
        "client_msg_id": "3D070239-3A8E-4D8C-86A9-E1AFB5138DC6",
        "type": "message",
        "text": "Ok I’m attempting this, last time ",
        "user": "UNFLCPZHP",
        "ts": "1572135159.000600",
        "team": "TNN3BM5N1",
        "user_team": "TNN3BM5N1",
        "source_team": "TNN3BM5N1",
        "user_profile": {
            "avatar_hash": "6ef87ac1f6e9",
            "image_72": "https:\/\/avatars.slack-edge.com\/2019-09-24\/773662685239_6ef87ac1f6e98ace1477_72.png",
            "first_name": "Michael",
            "real_name": "Michael DeMeo",
            "display_name": "",
            "team": "TNN3BM5N1",
            "name": "md458",
            "is_restricted": false,
            "is_ultra_restricted": false
        }
    },
    {
        "client_msg_id": "0D31F810-59D2-4933-A217-9E524711D985",
        "type": "message",
        "text": "For this freaking logging system ",
        "user": "UNFLCPZHP",
        "ts": "1572135167.000900",
        "team": "TNN3BM5N1",
        "user_team": "TNN3BM5N1",
        "source_team": "TNN3BM5N1",
        "user_profile": {
            "avatar_hash": "6ef87ac1f6e9",
            "image_72": "https:\/\/avatars.slack-edge.com\/2019-09-24\/773662685239_6ef87ac1f6e98ace1477_72.png",
            "first_name": "Michael",
            "real_name": "Michael DeMeo",
            "display_name": "",
            "team": "TNN3BM5N1",
            "name": "md458",
            "is_restricted": false,
            "is_ultra_restricted": false
        }
    }
]