[
    {
        "client_msg_id": "606CA418-ECFA-41A4-8CEE-9B1FDEBB6E56",
        "type": "message",
        "text": "I have the router, are we meeting tomorrow to work on the logging ",
        "user": "UNFLCPZHP",
        "ts": "1572474885.000400",
        "team": "TNN3BM5N1",
        "user_team": "TNN3BM5N1",
        "source_team": "TNN3BM5N1",
        "user_profile": {
            "avatar_hash": "6ef87ac1f6e9",
            "image_72": "https:\/\/avatars.slack-edge.com\/2019-09-24\/773662685239_6ef87ac1f6e98ace1477_72.png",
            "first_name": "Michael",
            "real_name": "Michael DeMeo",
            "display_name": "",
            "team": "TNN3BM5N1",
            "name": "md458",
            "is_restricted": false,
            "is_ultra_restricted": false
        }
    },
    {
        "client_msg_id": "AE0B3657-81FE-4D3D-B26D-78A3120717AF",
        "type": "message",
        "text": "Whatever todd says ",
        "user": "UNMKAJXK6",
        "ts": "1572484900.001000",
        "team": "TNN3BM5N1",
        "user_team": "TNN3BM5N1",
        "source_team": "TNN3BM5N1",
        "user_profile": {
            "avatar_hash": "g9f9137124f4",
            "image_72": "https:\/\/secure.gravatar.com\/avatar\/9f9137124f44060a0fb846f648c9561f.jpg?s=72&d=https%3A%2F%2Fa.slack-edge.com%2Fdf10d%2Fimg%2Favatars%2Fava_0026-72.png",
            "first_name": "",
            "real_name": "Het Patel",
            "display_name": "",
            "team": "TNN3BM5N1",
            "name": "hp342",
            "is_restricted": false,
            "is_ultra_restricted": false
        }
    },
    {
        "client_msg_id": "3E526F70-2C76-4408-86B6-844CAEA26CCD",
        "type": "message",
        "text": "Am down if everyone agrees to meet up",
        "user": "UNMKAJXK6",
        "ts": "1572484932.001800",
        "team": "TNN3BM5N1",
        "user_team": "TNN3BM5N1",
        "source_team": "TNN3BM5N1",
        "user_profile": {
            "avatar_hash": "g9f9137124f4",
            "image_72": "https:\/\/secure.gravatar.com\/avatar\/9f9137124f44060a0fb846f648c9561f.jpg?s=72&d=https%3A%2F%2Fa.slack-edge.com%2Fdf10d%2Fimg%2Favatars%2Fava_0026-72.png",
            "first_name": "",
            "real_name": "Het Patel",
            "display_name": "",
            "team": "TNN3BM5N1",
            "name": "hp342",
            "is_restricted": false,
            "is_ultra_restricted": false
        }
    },
    {
        "client_msg_id": "820C23D8-7DA6-4E56-9DB3-753955508E2D",
        "type": "message",
        "text": "Okay, Todd let us know, I say we meet just cause we have the time already but that’s just my opinion ",
        "user": "UNFLCPZHP",
        "ts": "1572485890.000700",
        "team": "TNN3BM5N1",
        "user_team": "TNN3BM5N1",
        "source_team": "TNN3BM5N1",
        "user_profile": {
            "avatar_hash": "6ef87ac1f6e9",
            "image_72": "https:\/\/avatars.slack-edge.com\/2019-09-24\/773662685239_6ef87ac1f6e98ace1477_72.png",
            "first_name": "Michael",
            "real_name": "Michael DeMeo",
            "display_name": "",
            "team": "TNN3BM5N1",
            "name": "md458",
            "is_restricted": false,
            "is_ultra_restricted": false
        }
    },
    {
        "client_msg_id": "799BE4FC-B5C7-44C0-AF92-6FDD7207847E",
        "type": "message",
        "text": "yeah let’s meet",
        "user": "UNN3G91A9",
        "ts": "1572501613.000200",
        "team": "TNN3BM5N1",
        "user_team": "TNN3BM5N1",
        "source_team": "TNN3BM5N1",
        "user_profile": {
            "avatar_hash": "gaa567b03c43",
            "image_72": "https:\/\/secure.gravatar.com\/avatar\/aa567b03c43d16fe9862dd1fddf1112c.jpg?s=72&d=https%3A%2F%2Fa.slack-edge.com%2Fdf10d%2Fimg%2Favatars%2Fava_0008-72.png",
            "first_name": "",
            "real_name": "Todd Murphy",
            "display_name": "Todd Murphy",
            "team": "TNN3BM5N1",
            "name": "tam44",
            "is_restricted": false,
            "is_ultra_restricted": false
        },
        "reactions": [
            {
                "name": "+1",
                "users": [
                    "UNFLCPZHP"
                ],
                "count": 1
            }
        ]
    }
]