[
    {
        "client_msg_id": "2BE2E944-BF47-4872-8457-99DAF6AF681D",
        "type": "message",
        "text": "Hey guys, I just got back from vball, I’ll be up around 11 or so ",
        "user": "UNFLCPZHP",
        "ts": "1575790203.000500",
        "team": "TNN3BM5N1",
        "user_team": "TNN3BM5N1",
        "source_team": "TNN3BM5N1",
        "user_profile": {
            "avatar_hash": "6ef87ac1f6e9",
            "image_72": "https:\/\/avatars.slack-edge.com\/2019-09-24\/773662685239_6ef87ac1f6e98ace1477_72.png",
            "first_name": "Michael",
            "real_name": "Michael DeMeo",
            "display_name": "",
            "team": "TNN3BM5N1",
            "name": "md458",
            "is_restricted": false,
            "is_ultra_restricted": false
        }
    }
]