[
    {
        "client_msg_id": "7D388710-87B7-48FE-A17A-06FE7D01AE90",
        "type": "message",
        "text": "That unknown uid error is coming from RabbitMQLib.inc",
        "user": "UNFLCPZHP",
        "ts": "1569864393.000600",
        "team": "TNN3BM5N1",
        "user_team": "TNN3BM5N1",
        "source_team": "TNN3BM5N1",
        "user_profile": {
            "avatar_hash": "6ef87ac1f6e9",
            "image_72": "https:\/\/avatars.slack-edge.com\/2019-09-24\/773662685239_6ef87ac1f6e98ace1477_72.png",
            "first_name": "Michael",
            "real_name": "Michael DeMeo",
            "display_name": "",
            "team": "TNN3BM5N1",
            "name": "md458",
            "is_restricted": false,
            "is_ultra_restricted": false
        }
    }
]