[
    {
        "client_msg_id": "70b7b45a-f29e-4840-9d39-9a1ccba5c050",
        "type": "message",
        "text": "<https:\/\/aws.amazon.com\/machine-learning\/amis\/> <@UNMKAJXK6>",
        "user": "UNPPN7QDT",
        "ts": "1570465897.000200",
        "team": "TNN3BM5N1",
        "user_team": "TNN3BM5N1",
        "source_team": "TNN3BM5N1",
        "user_profile": {
            "avatar_hash": "6c9fd131469b",
            "image_72": "https:\/\/avatars.slack-edge.com\/2019-09-24\/771901658133_6c9fd131469be802ae52_72.jpg",
            "first_name": "",
            "real_name": "Panchajanya Vangapandu",
            "display_name": "Panchajanya Vangapandu",
            "team": "TNN3BM5N1",
            "name": "pvangapandu.fa17",
            "is_restricted": false,
            "is_ultra_restricted": false
        },
        "attachments": [
            {
                "service_name": "Amazon Web Services, Inc.",
                "title": "Amazon Deep Learning AMIs",
                "title_link": "https:\/\/aws.amazon.com\/machine-learning\/amis\/",
                "text": "The AWS Deep Learning AMIs provide machine learning practitioners and researchers with the infrastructure and tools to accelerate deep learning in the cloud, at any scale. You can quickly launch Amazon EC2 instances pre-installed with popular deep learning frameworks such as Apache MXNet and Gluon, TensorFlow, Microsoft Cognitive Toolkit, Caffe, Caffe2, Theano, Torch, PyTorch, Chainer, and Keras to train sophisticated, custom AI models, experiment with new algorithms, or to learn new skills and techniques.",
                "fallback": "Amazon Web Services, Inc.: Amazon Deep Learning AMIs",
                "thumb_url": "https:\/\/a0.awsstatic.com\/libra-css\/images\/logos\/aws_logo_smile_179x109.png",
                "from_url": "https:\/\/aws.amazon.com\/machine-learning\/amis\/",
                "thumb_width": 179,
                "thumb_height": 109,
                "service_icon": "https:\/\/a0.awsstatic.com\/libra-css\/images\/site\/touch-icon-iphone-114-smile.png",
                "id": 1,
                "original_url": "https:\/\/aws.amazon.com\/machine-learning\/amis\/"
            }
        ]
    },
    {
        "client_msg_id": "ea3563b5-af78-45c1-a194-433995cd1a96",
        "type": "message",
        "text": "hey guys, one important note, make sure to add all code and everything to the github!",
        "user": "UNFLCPZHP",
        "ts": "1570493109.000500",
        "team": "TNN3BM5N1",
        "user_team": "TNN3BM5N1",
        "source_team": "TNN3BM5N1",
        "user_profile": {
            "avatar_hash": "6ef87ac1f6e9",
            "image_72": "https:\/\/avatars.slack-edge.com\/2019-09-24\/773662685239_6ef87ac1f6e98ace1477_72.png",
            "first_name": "Michael",
            "real_name": "Michael DeMeo",
            "display_name": "",
            "team": "TNN3BM5N1",
            "name": "md458",
            "is_restricted": false,
            "is_ultra_restricted": false
        }
    }
]