[
    {
        "client_msg_id": "A3B8AF55-A4F4-48EA-9819-6F3F58526DD2",
        "type": "message",
        "text": "I have finished my parts in the documentation. Please read through it, let me know if i need to change anything ",
        "user": "UNMKAJXK6",
        "ts": "1576688514.001300",
        "team": "TNN3BM5N1",
        "user_team": "TNN3BM5N1",
        "source_team": "TNN3BM5N1",
        "user_profile": {
            "avatar_hash": "g9f9137124f4",
            "image_72": "https:\/\/secure.gravatar.com\/avatar\/9f9137124f44060a0fb846f648c9561f.jpg?s=72&d=https%3A%2F%2Fa.slack-edge.com%2Fdf10d%2Fimg%2Favatars%2Fava_0026-72.png",
            "first_name": "",
            "real_name": "Het Patel",
            "display_name": "",
            "team": "TNN3BM5N1",
            "name": "hp342",
            "is_restricted": false,
            "is_ultra_restricted": false
        },
        "blocks": [
            {
                "type": "rich_text",
                "block_id": "I2L",
                "elements": [
                    {
                        "type": "rich_text_section",
                        "elements": [
                            {
                                "type": "text",
                                "text": "I have finished my parts in the documentation. Please read through it, let me know if i need to change anything "
                            }
                        ]
                    }
                ]
            }
        ]
    },
    {
        "client_msg_id": "280e764b-c9f0-4494-af06-edcff7bb1bf6",
        "type": "message",
        "text": "Ok I'll review it right now",
        "user": "UQR64SYF8",
        "ts": "1576689333.000500",
        "team": "TNN3BM5N1",
        "user_team": "TNN3BM5N1",
        "source_team": "TNN3BM5N1",
        "user_profile": {
            "avatar_hash": "g5c4285254ac",
            "image_72": "https:\/\/secure.gravatar.com\/avatar\/5c4285254ac716544400a92a2a2d6ee6.jpg?s=72&d=https%3A%2F%2Fa.slack-edge.com%2Fdf10d%2Fimg%2Favatars%2Fava_0003-72.png",
            "first_name": "",
            "real_name": "Vishal Patel",
            "display_name": "",
            "team": "TNN3BM5N1",
            "name": "vnp28",
            "is_restricted": false,
            "is_ultra_restricted": false
        },
        "blocks": [
            {
                "type": "rich_text",
                "block_id": "V9OL",
                "elements": [
                    {
                        "type": "rich_text_section",
                        "elements": [
                            {
                                "type": "text",
                                "text": "Ok I'll review it right now"
                            }
                        ]
                    }
                ]
            }
        ]
    },
    {
        "client_msg_id": "5C1877DE-395C-4CC6-8A9F-C4FBB365FB63",
        "type": "message",
        "text": "I basically finished the rabbitmq management part, I just need to actually login to it to actually make it look more polished and include better terms, so that’ll be done tomorrow ",
        "user": "UNFLCPZHP",
        "ts": "1576689913.001700",
        "team": "TNN3BM5N1",
        "user_team": "TNN3BM5N1",
        "source_team": "TNN3BM5N1",
        "user_profile": {
            "avatar_hash": "6ef87ac1f6e9",
            "image_72": "https:\/\/avatars.slack-edge.com\/2019-09-24\/773662685239_6ef87ac1f6e98ace1477_72.png",
            "first_name": "Michael",
            "real_name": "Michael DeMeo",
            "display_name": "",
            "team": "TNN3BM5N1",
            "name": "md458",
            "is_restricted": false,
            "is_ultra_restricted": false
        },
        "blocks": [
            {
                "type": "rich_text",
                "block_id": "SZfki",
                "elements": [
                    {
                        "type": "rich_text_section",
                        "elements": [
                            {
                                "type": "text",
                                "text": "I basically finished the rabbitmq management part, I just need to actually login to it to actually make it look more polished and include better terms, so that’ll be done tomorrow "
                            }
                        ]
                    }
                ]
            }
        ]
    },
    {
        "client_msg_id": "9BBEEEC7-654A-4750-9EBA-D9A9C6F9A922",
        "type": "message",
        "text": "One thing I noticed when creating DB tables is the password in login has to be hashed ",
        "user": "UNFLCPZHP",
        "ts": "1576689932.002300",
        "team": "TNN3BM5N1",
        "user_team": "TNN3BM5N1",
        "source_team": "TNN3BM5N1",
        "user_profile": {
            "avatar_hash": "6ef87ac1f6e9",
            "image_72": "https:\/\/avatars.slack-edge.com\/2019-09-24\/773662685239_6ef87ac1f6e98ace1477_72.png",
            "first_name": "Michael",
            "real_name": "Michael DeMeo",
            "display_name": "",
            "team": "TNN3BM5N1",
            "name": "md458",
            "is_restricted": false,
            "is_ultra_restricted": false
        },
        "blocks": [
            {
                "type": "rich_text",
                "block_id": "S7Wj",
                "elements": [
                    {
                        "type": "rich_text_section",
                        "elements": [
                            {
                                "type": "text",
                                "text": "One thing I noticed when creating DB tables is the password in login has to be hashed "
                            }
                        ]
                    }
                ]
            }
        ]
    },
    {
        "client_msg_id": "68696E0A-C850-41E6-9FA0-95B0A159C45C",
        "type": "message",
        "text": "In the documentation ",
        "user": "UNFLCPZHP",
        "ts": "1576689940.002600",
        "team": "TNN3BM5N1",
        "user_team": "TNN3BM5N1",
        "source_team": "TNN3BM5N1",
        "user_profile": {
            "avatar_hash": "6ef87ac1f6e9",
            "image_72": "https:\/\/avatars.slack-edge.com\/2019-09-24\/773662685239_6ef87ac1f6e98ace1477_72.png",
            "first_name": "Michael",
            "real_name": "Michael DeMeo",
            "display_name": "",
            "team": "TNN3BM5N1",
            "name": "md458",
            "is_restricted": false,
            "is_ultra_restricted": false
        },
        "blocks": [
            {
                "type": "rich_text",
                "block_id": "R5S",
                "elements": [
                    {
                        "type": "rich_text_section",
                        "elements": [
                            {
                                "type": "text",
                                "text": "In the documentation "
                            }
                        ]
                    }
                ]
            }
        ]
    },
    {
        "client_msg_id": "1e7a0aba-b82a-4348-b0a2-b79fb4271202",
        "type": "message",
        "text": "I'll take a second look at it",
        "user": "UQR64SYF8",
        "ts": "1576692493.000400",
        "team": "TNN3BM5N1",
        "user_team": "TNN3BM5N1",
        "source_team": "TNN3BM5N1",
        "user_profile": {
            "avatar_hash": "g5c4285254ac",
            "image_72": "https:\/\/secure.gravatar.com\/avatar\/5c4285254ac716544400a92a2a2d6ee6.jpg?s=72&d=https%3A%2F%2Fa.slack-edge.com%2Fdf10d%2Fimg%2Favatars%2Fava_0003-72.png",
            "first_name": "",
            "real_name": "Vishal Patel",
            "display_name": "",
            "team": "TNN3BM5N1",
            "name": "vnp28",
            "is_restricted": false,
            "is_ultra_restricted": false
        },
        "blocks": [
            {
                "type": "rich_text",
                "block_id": "wt1",
                "elements": [
                    {
                        "type": "rich_text_section",
                        "elements": [
                            {
                                "type": "text",
                                "text": "I'll take a second look at it"
                            }
                        ]
                    }
                ]
            }
        ]
    },
    {
        "client_msg_id": "40d3ccec-b556-4eaa-b785-8d8278dace71",
        "type": "message",
        "text": "9 AM at the library tomorrow?",
        "user": "UNPPN7QDT",
        "ts": "1576724433.000400",
        "team": "TNN3BM5N1",
        "user_team": "TNN3BM5N1",
        "source_team": "TNN3BM5N1",
        "user_profile": {
            "avatar_hash": "6c9fd131469b",
            "image_72": "https:\/\/avatars.slack-edge.com\/2019-09-24\/771901658133_6c9fd131469be802ae52_72.jpg",
            "first_name": "",
            "real_name": "Panchajanya Vangapandu",
            "display_name": "Panchajanya Vangapandu",
            "team": "TNN3BM5N1",
            "name": "pvangapandu.fa17",
            "is_restricted": false,
            "is_ultra_restricted": false
        },
        "blocks": [
            {
                "type": "rich_text",
                "block_id": "Lh8",
                "elements": [
                    {
                        "type": "rich_text_section",
                        "elements": [
                            {
                                "type": "text",
                                "text": "9 AM at the library tomorrow?"
                            }
                        ]
                    }
                ]
            }
        ]
    },
    {
        "client_msg_id": "CF601FA1-50EA-4C8F-8A57-38AA953C7DA3",
        "type": "message",
        "text": "Can we make it 9:15",
        "user": "UNFLCPZHP",
        "ts": "1576727298.000200",
        "team": "TNN3BM5N1",
        "user_team": "TNN3BM5N1",
        "source_team": "TNN3BM5N1",
        "user_profile": {
            "avatar_hash": "6ef87ac1f6e9",
            "image_72": "https:\/\/avatars.slack-edge.com\/2019-09-24\/773662685239_6ef87ac1f6e98ace1477_72.png",
            "first_name": "Michael",
            "real_name": "Michael DeMeo",
            "display_name": "",
            "team": "TNN3BM5N1",
            "name": "md458",
            "is_restricted": false,
            "is_ultra_restricted": false
        },
        "blocks": [
            {
                "type": "rich_text",
                "block_id": "HZ+y",
                "elements": [
                    {
                        "type": "rich_text_section",
                        "elements": [
                            {
                                "type": "text",
                                "text": "Can we make it 9:15"
                            }
                        ]
                    }
                ]
            }
        ]
    }
]