[
    {
        "client_msg_id": "4BF80294-5A2F-40EB-8936-8D3D0475467B",
        "type": "message",
        "text": "Hey guys, so ahead of Monday’s class, we should also start thinking who’s gonna be doing what, like the front end, back end, data base, all that stuff ",
        "user": "UNFLCPZHP",
        "ts": "1570376870.000800",
        "team": "TNN3BM5N1",
        "user_team": "TNN3BM5N1",
        "source_team": "TNN3BM5N1",
        "user_profile": {
            "avatar_hash": "6ef87ac1f6e9",
            "image_72": "https:\/\/avatars.slack-edge.com\/2019-09-24\/773662685239_6ef87ac1f6e98ace1477_72.png",
            "first_name": "Michael",
            "real_name": "Michael DeMeo",
            "display_name": "",
            "team": "TNN3BM5N1",
            "name": "md458",
            "is_restricted": false,
            "is_ultra_restricted": false
        }
    }
]