[
    {
        "client_msg_id": "fe6dfadb-4511-4746-b00f-61a21b456040",
        "type": "message",
        "text": "Meeting at 15 from 11:30 to 1?",
        "user": "UNPPN7QDT",
        "ts": "1574782653.000700",
        "team": "TNN3BM5N1",
        "user_team": "TNN3BM5N1",
        "source_team": "TNN3BM5N1",
        "user_profile": {
            "avatar_hash": "6c9fd131469b",
            "image_72": "https:\/\/avatars.slack-edge.com\/2019-09-24\/771901658133_6c9fd131469be802ae52_72.jpg",
            "first_name": "",
            "real_name": "Panchajanya Vangapandu",
            "display_name": "Panchajanya Vangapandu",
            "team": "TNN3BM5N1",
            "name": "pvangapandu.fa17",
            "is_restricted": false,
            "is_ultra_restricted": false
        },
        "blocks": [
            {
                "type": "rich_text",
                "block_id": "wgljy",
                "elements": [
                    {
                        "type": "rich_text_section",
                        "elements": [
                            {
                                "type": "text",
                                "text": "Meeting at 15 from 11:30 to 1?"
                            }
                        ]
                    }
                ]
            }
        ],
        "reactions": [
            {
                "name": "+1",
                "users": [
                    "UNMKAJXK6",
                    "UNFLCPZHP"
                ],
                "count": 2
            }
        ]
    },
    {
        "client_msg_id": "21b74fb9-c6f6-4ddb-b1f9-cc3c42f7d7f9",
        "type": "message",
        "text": "And then again at 3?",
        "user": "UNPPN7QDT",
        "ts": "1574782666.001100",
        "team": "TNN3BM5N1",
        "user_team": "TNN3BM5N1",
        "source_team": "TNN3BM5N1",
        "user_profile": {
            "avatar_hash": "6c9fd131469b",
            "image_72": "https:\/\/avatars.slack-edge.com\/2019-09-24\/771901658133_6c9fd131469be802ae52_72.jpg",
            "first_name": "",
            "real_name": "Panchajanya Vangapandu",
            "display_name": "Panchajanya Vangapandu",
            "team": "TNN3BM5N1",
            "name": "pvangapandu.fa17",
            "is_restricted": false,
            "is_ultra_restricted": false
        },
        "blocks": [
            {
                "type": "rich_text",
                "block_id": "NUs+I",
                "elements": [
                    {
                        "type": "rich_text_section",
                        "elements": [
                            {
                                "type": "text",
                                "text": "And then again at 3?"
                            }
                        ]
                    }
                ]
            }
        ]
    },
    {
        "client_msg_id": "168194A8-39F5-4464-B76F-A3C4553BCBD2",
        "type": "message",
        "text": "Yessir",
        "user": "UNFLCPZHP",
        "ts": "1574782792.001500",
        "team": "TNN3BM5N1",
        "user_team": "TNN3BM5N1",
        "source_team": "TNN3BM5N1",
        "user_profile": {
            "avatar_hash": "6ef87ac1f6e9",
            "image_72": "https:\/\/avatars.slack-edge.com\/2019-09-24\/773662685239_6ef87ac1f6e98ace1477_72.png",
            "first_name": "Michael",
            "real_name": "Michael DeMeo",
            "display_name": "",
            "team": "TNN3BM5N1",
            "name": "md458",
            "is_restricted": false,
            "is_ultra_restricted": false
        }
    },
    {
        "client_msg_id": "BE9B597E-10F4-43C6-9535-F07743738C44",
        "type": "message",
        "text": "Het you got the router ?",
        "user": "UNFLCPZHP",
        "ts": "1574782798.001800",
        "team": "TNN3BM5N1",
        "user_team": "TNN3BM5N1",
        "source_team": "TNN3BM5N1",
        "user_profile": {
            "avatar_hash": "6ef87ac1f6e9",
            "image_72": "https:\/\/avatars.slack-edge.com\/2019-09-24\/773662685239_6ef87ac1f6e98ace1477_72.png",
            "first_name": "Michael",
            "real_name": "Michael DeMeo",
            "display_name": "",
            "team": "TNN3BM5N1",
            "name": "md458",
            "is_restricted": false,
            "is_ultra_restricted": false
        }
    },
    {
        "client_msg_id": "885B7C1E-9CF8-4CF6-ACB8-4AF18AFA8FF4",
        "type": "message",
        "text": "Yes sir",
        "user": "UNMKAJXK6",
        "ts": "1574782811.001900",
        "team": "TNN3BM5N1",
        "user_team": "TNN3BM5N1",
        "source_team": "TNN3BM5N1",
        "user_profile": {
            "avatar_hash": "g9f9137124f4",
            "image_72": "https:\/\/secure.gravatar.com\/avatar\/9f9137124f44060a0fb846f648c9561f.jpg?s=72&d=https%3A%2F%2Fa.slack-edge.com%2Fdf10d%2Fimg%2Favatars%2Fava_0026-72.png",
            "first_name": "",
            "real_name": "Het Patel",
            "display_name": "",
            "team": "TNN3BM5N1",
            "name": "hp342",
            "is_restricted": false,
            "is_ultra_restricted": false
        }
    },
    {
        "type": "message",
        "text": "",
        "files": [
            {
                "id": "FQZT8GXH6",
                "created": 1574782852,
                "timestamp": 1574782852,
                "name": "Image from iOS.jpg",
                "title": "Image from iOS",
                "mimetype": "image\/jpeg",
                "filetype": "jpg",
                "pretty_type": "JPEG",
                "user": "UNMKAJXK6",
                "editable": false,
                "size": 1187269,
                "mode": "hosted",
                "is_external": false,
                "external_type": "",
                "is_public": true,
                "public_url_shared": false,
                "display_as_bot": false,
                "username": "",
                "url_private": "https:\/\/files.slack.com\/files-pri\/TNN3BM5N1-FQZT8GXH6\/image_from_ios.jpg?t=xoxe-770113719749-880564765509-870300588593-7f6ea6811a916e6a8a2763f11163aa02",
                "url_private_download": "https:\/\/files.slack.com\/files-pri\/TNN3BM5N1-FQZT8GXH6\/download\/image_from_ios.jpg?t=xoxe-770113719749-880564765509-870300588593-7f6ea6811a916e6a8a2763f11163aa02",
                "thumb_64": "https:\/\/files.slack.com\/files-tmb\/TNN3BM5N1-FQZT8GXH6-5c36170b38\/image_from_ios_64.jpg?t=xoxe-770113719749-880564765509-870300588593-7f6ea6811a916e6a8a2763f11163aa02",
                "thumb_80": "https:\/\/files.slack.com\/files-tmb\/TNN3BM5N1-FQZT8GXH6-5c36170b38\/image_from_ios_80.jpg?t=xoxe-770113719749-880564765509-870300588593-7f6ea6811a916e6a8a2763f11163aa02",
                "thumb_360": "https:\/\/files.slack.com\/files-tmb\/TNN3BM5N1-FQZT8GXH6-5c36170b38\/image_from_ios_360.jpg?t=xoxe-770113719749-880564765509-870300588593-7f6ea6811a916e6a8a2763f11163aa02",
                "thumb_360_w": 270,
                "thumb_360_h": 360,
                "thumb_480": "https:\/\/files.slack.com\/files-tmb\/TNN3BM5N1-FQZT8GXH6-5c36170b38\/image_from_ios_480.jpg?t=xoxe-770113719749-880564765509-870300588593-7f6ea6811a916e6a8a2763f11163aa02",
                "thumb_480_w": 360,
                "thumb_480_h": 480,
                "thumb_160": "https:\/\/files.slack.com\/files-tmb\/TNN3BM5N1-FQZT8GXH6-5c36170b38\/image_from_ios_160.jpg?t=xoxe-770113719749-880564765509-870300588593-7f6ea6811a916e6a8a2763f11163aa02",
                "thumb_720": "https:\/\/files.slack.com\/files-tmb\/TNN3BM5N1-FQZT8GXH6-5c36170b38\/image_from_ios_720.jpg?t=xoxe-770113719749-880564765509-870300588593-7f6ea6811a916e6a8a2763f11163aa02",
                "thumb_720_w": 540,
                "thumb_720_h": 720,
                "thumb_800": "https:\/\/files.slack.com\/files-tmb\/TNN3BM5N1-FQZT8GXH6-5c36170b38\/image_from_ios_800.jpg?t=xoxe-770113719749-880564765509-870300588593-7f6ea6811a916e6a8a2763f11163aa02",
                "thumb_800_w": 800,
                "thumb_800_h": 1067,
                "thumb_960": "https:\/\/files.slack.com\/files-tmb\/TNN3BM5N1-FQZT8GXH6-5c36170b38\/image_from_ios_960.jpg?t=xoxe-770113719749-880564765509-870300588593-7f6ea6811a916e6a8a2763f11163aa02",
                "thumb_960_w": 720,
                "thumb_960_h": 960,
                "thumb_1024": "https:\/\/files.slack.com\/files-tmb\/TNN3BM5N1-FQZT8GXH6-5c36170b38\/image_from_ios_1024.jpg?t=xoxe-770113719749-880564765509-870300588593-7f6ea6811a916e6a8a2763f11163aa02",
                "thumb_1024_w": 768,
                "thumb_1024_h": 1024,
                "image_exif_rotation": 6,
                "original_w": 4032,
                "original_h": 3024,
                "thumb_tiny": "AwAwACSmmSwA61ajf5gByfSkghAkyQ3BGKVUSK7ABLEN26D2oAGm+brUby5xzQYy0pJifBOTk1PPGoaMJhBnHAouFioxJOTmkyferXkekq\/980eQf+eo\/wC+aALEEu6PBzleKbIcMD61HZyFpiD0I5p0jgvtBBwc0h2ELdvwqCRTGsZYHhsk0is33s8460rzM6FWAb9KAFVgC3XrS7x706BwYwTyT1zUm5fagCG12JKGdguOnvUsrRhiQ\/UY4qow3HJU4pSwP8H60Bcl3IOlRY3OB64zimlh\/d\/WrVtHs+ZjyR6UAVld48qDjml8+T1p1wu2Zvfmo6Yj\/9k=",
                "permalink": "https:\/\/it490team.slack.com\/files\/UNMKAJXK6\/FQZT8GXH6\/image_from_ios.jpg",
                "permalink_public": "https:\/\/slack-files.com\/TNN3BM5N1-FQZT8GXH6-1cc1bf4ecc",
                "is_starred": false,
                "has_rich_preview": false
            }
        ],
        "upload": true,
        "user": "UNMKAJXK6",
        "display_as_bot": false,
        "ts": "1574782861.002000",
        "client_msg_id": "7AD16706-4DF4-4D21-BA92-0C6AAB93AAB5"
    },
    {
        "client_msg_id": "111d658a-f038-4931-9571-c208baea615c",
        "type": "message",
        "text": "Word",
        "user": "UNPPN7QDT",
        "ts": "1574782871.002400",
        "team": "TNN3BM5N1",
        "user_team": "TNN3BM5N1",
        "source_team": "TNN3BM5N1",
        "user_profile": {
            "avatar_hash": "6c9fd131469b",
            "image_72": "https:\/\/avatars.slack-edge.com\/2019-09-24\/771901658133_6c9fd131469be802ae52_72.jpg",
            "first_name": "",
            "real_name": "Panchajanya Vangapandu",
            "display_name": "Panchajanya Vangapandu",
            "team": "TNN3BM5N1",
            "name": "pvangapandu.fa17",
            "is_restricted": false,
            "is_ultra_restricted": false
        },
        "blocks": [
            {
                "type": "rich_text",
                "block_id": "fWyju",
                "elements": [
                    {
                        "type": "rich_text_section",
                        "elements": [
                            {
                                "type": "text",
                                "text": "Word"
                            }
                        ]
                    }
                ]
            }
        ]
    },
    {
        "client_msg_id": "eeb84c70-05a2-4ebe-a19a-060e96890daa",
        "type": "message",
        "text": "Let's hope we got unblocked by njit",
        "user": "UNPPN7QDT",
        "ts": "1574782883.002800",
        "team": "TNN3BM5N1",
        "user_team": "TNN3BM5N1",
        "source_team": "TNN3BM5N1",
        "user_profile": {
            "avatar_hash": "6c9fd131469b",
            "image_72": "https:\/\/avatars.slack-edge.com\/2019-09-24\/771901658133_6c9fd131469be802ae52_72.jpg",
            "first_name": "",
            "real_name": "Panchajanya Vangapandu",
            "display_name": "Panchajanya Vangapandu",
            "team": "TNN3BM5N1",
            "name": "pvangapandu.fa17",
            "is_restricted": false,
            "is_ultra_restricted": false
        },
        "blocks": [
            {
                "type": "rich_text",
                "block_id": "lI+",
                "elements": [
                    {
                        "type": "rich_text_section",
                        "elements": [
                            {
                                "type": "text",
                                "text": "Let's hope we got unblocked by njit"
                            }
                        ]
                    }
                ]
            }
        ]
    },
    {
        "client_msg_id": "004DBA92-82C7-4A45-A543-057D204C4EDE",
        "type": "message",
        "text": "Guaranteed from here on out we’ll be unblocked but the moment we plug in for the final presentation we won’t have internet ",
        "user": "UNFLCPZHP",
        "ts": "1574782923.003700",
        "team": "TNN3BM5N1",
        "user_team": "TNN3BM5N1",
        "source_team": "TNN3BM5N1",
        "user_profile": {
            "avatar_hash": "6ef87ac1f6e9",
            "image_72": "https:\/\/avatars.slack-edge.com\/2019-09-24\/773662685239_6ef87ac1f6e98ace1477_72.png",
            "first_name": "Michael",
            "real_name": "Michael DeMeo",
            "display_name": "",
            "team": "TNN3BM5N1",
            "name": "md458",
            "is_restricted": false,
            "is_ultra_restricted": false
        },
        "reactions": [
            {
                "name": "eyes",
                "users": [
                    "UNMKAJXK6"
                ],
                "count": 1
            }
        ]
    },
    {
        "client_msg_id": "B66285B3-ED5A-468A-8E44-10A1AFBD2BD8",
        "type": "message",
        "text": "<@UNN3G91A9> waiting at the side door of 15",
        "user": "UNMKAJXK6",
        "ts": "1574785312.000500",
        "team": "TNN3BM5N1",
        "user_team": "TNN3BM5N1",
        "source_team": "TNN3BM5N1",
        "user_profile": {
            "avatar_hash": "g9f9137124f4",
            "image_72": "https:\/\/secure.gravatar.com\/avatar\/9f9137124f44060a0fb846f648c9561f.jpg?s=72&d=https%3A%2F%2Fa.slack-edge.com%2Fdf10d%2Fimg%2Favatars%2Fava_0026-72.png",
            "first_name": "",
            "real_name": "Het Patel",
            "display_name": "",
            "team": "TNN3BM5N1",
            "name": "hp342",
            "is_restricted": false,
            "is_ultra_restricted": false
        }
    },
    {
        "client_msg_id": "4356888A-A89E-4238-AF12-8A1A7F65C426",
        "type": "message",
        "text": "okay one sec",
        "user": "UNN3G91A9",
        "ts": "1574785331.000800",
        "team": "TNN3BM5N1",
        "user_team": "TNN3BM5N1",
        "source_team": "TNN3BM5N1",
        "user_profile": {
            "avatar_hash": "gaa567b03c43",
            "image_72": "https:\/\/secure.gravatar.com\/avatar\/aa567b03c43d16fe9862dd1fddf1112c.jpg?s=72&d=https%3A%2F%2Fa.slack-edge.com%2Fdf10d%2Fimg%2Favatars%2Fava_0008-72.png",
            "first_name": "",
            "real_name": "Todd Murphy",
            "display_name": "Todd Murphy",
            "team": "TNN3BM5N1",
            "name": "tam44",
            "is_restricted": false,
            "is_ultra_restricted": false
        }
    },
    {
        "client_msg_id": "9a1e2bf5-c897-45c3-a9c5-c7518636d02b",
        "type": "message",
        "text": "I'm running a little late after my interview guys i apologize",
        "user": "UQR64SYF8",
        "ts": "1574785377.001900",
        "team": "TNN3BM5N1",
        "user_team": "TNN3BM5N1",
        "source_team": "TNN3BM5N1",
        "user_profile": {
            "avatar_hash": "g5c4285254ac",
            "image_72": "https:\/\/secure.gravatar.com\/avatar\/5c4285254ac716544400a92a2a2d6ee6.jpg?s=72&d=https%3A%2F%2Fa.slack-edge.com%2Fdf10d%2Fimg%2Favatars%2Fava_0003-72.png",
            "first_name": "",
            "real_name": "Vishal Patel",
            "display_name": "",
            "team": "TNN3BM5N1",
            "name": "vnp28",
            "is_restricted": false,
            "is_ultra_restricted": false
        },
        "blocks": [
            {
                "type": "rich_text",
                "block_id": "92OH",
                "elements": [
                    {
                        "type": "rich_text_section",
                        "elements": [
                            {
                                "type": "text",
                                "text": "I'm running a little late after my interview guys i apologize"
                            }
                        ]
                    }
                ]
            }
        ]
    },
    {
        "type": "message",
        "text": "",
        "files": [
            {
                "id": "FQNGUT3B5",
                "created": 1574786463,
                "timestamp": 1574786463,
                "name": "Image from iOS.jpg",
                "title": "Image from iOS",
                "mimetype": "image\/jpeg",
                "filetype": "jpg",
                "pretty_type": "JPEG",
                "user": "UNFLCPZHP",
                "editable": false,
                "size": 1792747,
                "mode": "hosted",
                "is_external": false,
                "external_type": "",
                "is_public": true,
                "public_url_shared": false,
                "display_as_bot": false,
                "username": "",
                "url_private": "https:\/\/files.slack.com\/files-pri\/TNN3BM5N1-FQNGUT3B5\/image_from_ios.jpg?t=xoxe-770113719749-880564765509-870300588593-7f6ea6811a916e6a8a2763f11163aa02",
                "url_private_download": "https:\/\/files.slack.com\/files-pri\/TNN3BM5N1-FQNGUT3B5\/download\/image_from_ios.jpg?t=xoxe-770113719749-880564765509-870300588593-7f6ea6811a916e6a8a2763f11163aa02",
                "thumb_64": "https:\/\/files.slack.com\/files-tmb\/TNN3BM5N1-FQNGUT3B5-29f8937163\/image_from_ios_64.jpg?t=xoxe-770113719749-880564765509-870300588593-7f6ea6811a916e6a8a2763f11163aa02",
                "thumb_80": "https:\/\/files.slack.com\/files-tmb\/TNN3BM5N1-FQNGUT3B5-29f8937163\/image_from_ios_80.jpg?t=xoxe-770113719749-880564765509-870300588593-7f6ea6811a916e6a8a2763f11163aa02",
                "thumb_360": "https:\/\/files.slack.com\/files-tmb\/TNN3BM5N1-FQNGUT3B5-29f8937163\/image_from_ios_360.jpg?t=xoxe-770113719749-880564765509-870300588593-7f6ea6811a916e6a8a2763f11163aa02",
                "thumb_360_w": 270,
                "thumb_360_h": 360,
                "thumb_480": "https:\/\/files.slack.com\/files-tmb\/TNN3BM5N1-FQNGUT3B5-29f8937163\/image_from_ios_480.jpg?t=xoxe-770113719749-880564765509-870300588593-7f6ea6811a916e6a8a2763f11163aa02",
                "thumb_480_w": 360,
                "thumb_480_h": 480,
                "thumb_160": "https:\/\/files.slack.com\/files-tmb\/TNN3BM5N1-FQNGUT3B5-29f8937163\/image_from_ios_160.jpg?t=xoxe-770113719749-880564765509-870300588593-7f6ea6811a916e6a8a2763f11163aa02",
                "thumb_720": "https:\/\/files.slack.com\/files-tmb\/TNN3BM5N1-FQNGUT3B5-29f8937163\/image_from_ios_720.jpg?t=xoxe-770113719749-880564765509-870300588593-7f6ea6811a916e6a8a2763f11163aa02",
                "thumb_720_w": 540,
                "thumb_720_h": 720,
                "thumb_800": "https:\/\/files.slack.com\/files-tmb\/TNN3BM5N1-FQNGUT3B5-29f8937163\/image_from_ios_800.jpg?t=xoxe-770113719749-880564765509-870300588593-7f6ea6811a916e6a8a2763f11163aa02",
                "thumb_800_w": 800,
                "thumb_800_h": 1067,
                "thumb_960": "https:\/\/files.slack.com\/files-tmb\/TNN3BM5N1-FQNGUT3B5-29f8937163\/image_from_ios_960.jpg?t=xoxe-770113719749-880564765509-870300588593-7f6ea6811a916e6a8a2763f11163aa02",
                "thumb_960_w": 720,
                "thumb_960_h": 960,
                "thumb_1024": "https:\/\/files.slack.com\/files-tmb\/TNN3BM5N1-FQNGUT3B5-29f8937163\/image_from_ios_1024.jpg?t=xoxe-770113719749-880564765509-870300588593-7f6ea6811a916e6a8a2763f11163aa02",
                "thumb_1024_w": 768,
                "thumb_1024_h": 1024,
                "image_exif_rotation": 6,
                "original_w": 4032,
                "original_h": 3024,
                "thumb_tiny": "AwAwACR8dyc\/dH51P5\/Has8ZFODGpdzXliTvcPngLTPtMn+z+VR4J7UYIouyuWBJ9ok\/2fyo+0Sf7P5VFRRdhywIlfOaXcajQEDt+dOGfQc+9aGNhxPH9aTnP3jTefT9aTIzyKBjj1+\/R\/wP9KT5fej5fegQL3yD+VOyOf8ACm7fek2n1pFcrHbgO9MY5PX9aNh9aNh9qY+ViY9xRj3FO2H2o2H2pXDlZ\/\/Z",
                "permalink": "https:\/\/it490team.slack.com\/files\/UNFLCPZHP\/FQNGUT3B5\/image_from_ios.jpg",
                "permalink_public": "https:\/\/slack-files.com\/TNN3BM5N1-FQNGUT3B5-52dcdbb38c",
                "is_starred": false,
                "has_rich_preview": false
            }
        ],
        "upload": true,
        "user": "UNFLCPZHP",
        "display_as_bot": false,
        "ts": "1574786471.000100",
        "client_msg_id": "D5AA6AAB-821D-4293-8D02-875C072C1726"
    },
    {
        "client_msg_id": "1F405DB2-BF12-4D2E-9AE3-9FF216708FD3",
        "type": "message",
        "text": "This is deployment backup machine ",
        "user": "UNFLCPZHP",
        "ts": "1574786657.000600",
        "team": "TNN3BM5N1",
        "user_team": "TNN3BM5N1",
        "source_team": "TNN3BM5N1",
        "user_profile": {
            "avatar_hash": "6ef87ac1f6e9",
            "image_72": "https:\/\/avatars.slack-edge.com\/2019-09-24\/773662685239_6ef87ac1f6e98ace1477_72.png",
            "first_name": "Michael",
            "real_name": "Michael DeMeo",
            "display_name": "",
            "team": "TNN3BM5N1",
            "name": "md458",
            "is_restricted": false,
            "is_ultra_restricted": false
        }
    },
    {
        "client_msg_id": "5C38B184-5C7E-432B-AD3B-9E888918DA2C",
        "type": "message",
        "text": "192.168.0.109 \n08:00:27:89:f8:39\nPro_BE_B",
        "user": "UNMKAJXK6",
        "ts": "1574787045.002100",
        "team": "TNN3BM5N1",
        "user_team": "TNN3BM5N1",
        "source_team": "TNN3BM5N1",
        "user_profile": {
            "avatar_hash": "g9f9137124f4",
            "image_72": "https:\/\/secure.gravatar.com\/avatar\/9f9137124f44060a0fb846f648c9561f.jpg?s=72&d=https%3A%2F%2Fa.slack-edge.com%2Fdf10d%2Fimg%2Favatars%2Fava_0026-72.png",
            "first_name": "",
            "real_name": "Het Patel",
            "display_name": "",
            "team": "TNN3BM5N1",
            "name": "hp342",
            "is_restricted": false,
            "is_ultra_restricted": false
        }
    },
    {
        "client_msg_id": "7FB59FFD-71D2-4AE5-988C-EF0CEE36E219",
        "type": "message",
        "text": "192.168.0.110\n08:00:27:4b:d2:ef\nDeployment ",
        "user": "UNMKAJXK6",
        "ts": "1574787186.003200",
        "team": "TNN3BM5N1",
        "user_team": "TNN3BM5N1",
        "source_team": "TNN3BM5N1",
        "user_profile": {
            "avatar_hash": "g9f9137124f4",
            "image_72": "https:\/\/secure.gravatar.com\/avatar\/9f9137124f44060a0fb846f648c9561f.jpg?s=72&d=https%3A%2F%2Fa.slack-edge.com%2Fdf10d%2Fimg%2Favatars%2Fava_0026-72.png",
            "first_name": "",
            "real_name": "Het Patel",
            "display_name": "",
            "team": "TNN3BM5N1",
            "name": "hp342",
            "is_restricted": false,
            "is_ultra_restricted": false
        }
    },
    {
        "client_msg_id": "7B4CE275-ECDC-4FC5-B44C-D61DE3B050CD",
        "type": "message",
        "text": "Prod be\n08:00:27:4c:81:85",
        "user": "UNFLCPZHP",
        "ts": "1574787316.004000",
        "team": "TNN3BM5N1",
        "user_team": "TNN3BM5N1",
        "source_team": "TNN3BM5N1",
        "user_profile": {
            "avatar_hash": "6ef87ac1f6e9",
            "image_72": "https:\/\/avatars.slack-edge.com\/2019-09-24\/773662685239_6ef87ac1f6e98ace1477_72.png",
            "first_name": "Michael",
            "real_name": "Michael DeMeo",
            "display_name": "",
            "team": "TNN3BM5N1",
            "name": "md458",
            "is_restricted": false,
            "is_ultra_restricted": false
        }
    },
    {
        "client_msg_id": "d04ed517-923d-434b-90e1-4d3fb9df8c7d",
        "type": "message",
        "text": "Dev_DMZ: 08:00:27:da:d4:1a\nQA_DMZ: 08:00:27:93:7b:c8",
        "user": "UNPPN7QDT",
        "ts": "1574787333.004200",
        "team": "TNN3BM5N1",
        "user_team": "TNN3BM5N1",
        "source_team": "TNN3BM5N1",
        "user_profile": {
            "avatar_hash": "6c9fd131469b",
            "image_72": "https:\/\/avatars.slack-edge.com\/2019-09-24\/771901658133_6c9fd131469be802ae52_72.jpg",
            "first_name": "",
            "real_name": "Panchajanya Vangapandu",
            "display_name": "Panchajanya Vangapandu",
            "team": "TNN3BM5N1",
            "name": "pvangapandu.fa17",
            "is_restricted": false,
            "is_ultra_restricted": false
        },
        "blocks": [
            {
                "type": "rich_text",
                "block_id": "g2IMe",
                "elements": [
                    {
                        "type": "rich_text_section",
                        "elements": [
                            {
                                "type": "text",
                                "text": "Dev_DMZ: 08:00:27:da:d4:1a\nQA_DMZ: 08:00:27:93:7b:c8"
                            }
                        ]
                    }
                ]
            }
        ]
    },
    {
        "client_msg_id": "eeac7339-a5f2-4e8b-9f42-d932f2915b67",
        "type": "message",
        "text": "I'll send the last one in a sec",
        "user": "UNPPN7QDT",
        "ts": "1574787341.004500",
        "team": "TNN3BM5N1",
        "user_team": "TNN3BM5N1",
        "source_team": "TNN3BM5N1",
        "user_profile": {
            "avatar_hash": "6c9fd131469b",
            "image_72": "https:\/\/avatars.slack-edge.com\/2019-09-24\/771901658133_6c9fd131469be802ae52_72.jpg",
            "first_name": "",
            "real_name": "Panchajanya Vangapandu",
            "display_name": "Panchajanya Vangapandu",
            "team": "TNN3BM5N1",
            "name": "pvangapandu.fa17",
            "is_restricted": false,
            "is_ultra_restricted": false
        },
        "blocks": [
            {
                "type": "rich_text",
                "block_id": "6tL",
                "elements": [
                    {
                        "type": "rich_text_section",
                        "elements": [
                            {
                                "type": "text",
                                "text": "I'll send the last one in a sec"
                            }
                        ]
                    }
                ]
            }
        ]
    },
    {
        "type": "message",
        "text": "",
        "files": [
            {
                "id": "FR02LBR8D",
                "created": 1574787680,
                "timestamp": 1574787680,
                "name": "Screen Shot 2019-11-26 at 11.58.15 AM.png",
                "title": "Screen Shot 2019-11-26 at 11.58.15 AM.png",
                "mimetype": "image\/png",
                "filetype": "png",
                "pretty_type": "PNG",
                "user": "UNN3G91A9",
                "editable": false,
                "size": 392897,
                "mode": "hosted",
                "is_external": false,
                "external_type": "",
                "is_public": true,
                "public_url_shared": false,
                "display_as_bot": false,
                "username": "",
                "url_private": "https:\/\/files.slack.com\/files-pri\/TNN3BM5N1-FR02LBR8D\/screen_shot_2019-11-26_at_11.58.15_am.png?t=xoxe-770113719749-880564765509-870300588593-7f6ea6811a916e6a8a2763f11163aa02",
                "url_private_download": "https:\/\/files.slack.com\/files-pri\/TNN3BM5N1-FR02LBR8D\/download\/screen_shot_2019-11-26_at_11.58.15_am.png?t=xoxe-770113719749-880564765509-870300588593-7f6ea6811a916e6a8a2763f11163aa02",
                "thumb_64": "https:\/\/files.slack.com\/files-tmb\/TNN3BM5N1-FR02LBR8D-818f504c26\/screen_shot_2019-11-26_at_11.58.15_am_64.png?t=xoxe-770113719749-880564765509-870300588593-7f6ea6811a916e6a8a2763f11163aa02",
                "thumb_80": "https:\/\/files.slack.com\/files-tmb\/TNN3BM5N1-FR02LBR8D-818f504c26\/screen_shot_2019-11-26_at_11.58.15_am_80.png?t=xoxe-770113719749-880564765509-870300588593-7f6ea6811a916e6a8a2763f11163aa02",
                "thumb_360": "https:\/\/files.slack.com\/files-tmb\/TNN3BM5N1-FR02LBR8D-818f504c26\/screen_shot_2019-11-26_at_11.58.15_am_360.png?t=xoxe-770113719749-880564765509-870300588593-7f6ea6811a916e6a8a2763f11163aa02",
                "thumb_360_w": 75,
                "thumb_360_h": 360,
                "thumb_480": "https:\/\/files.slack.com\/files-tmb\/TNN3BM5N1-FR02LBR8D-818f504c26\/screen_shot_2019-11-26_at_11.58.15_am_480.png?t=xoxe-770113719749-880564765509-870300588593-7f6ea6811a916e6a8a2763f11163aa02",
                "thumb_480_w": 100,
                "thumb_480_h": 480,
                "thumb_160": "https:\/\/files.slack.com\/files-tmb\/TNN3BM5N1-FR02LBR8D-818f504c26\/screen_shot_2019-11-26_at_11.58.15_am_160.png?t=xoxe-770113719749-880564765509-870300588593-7f6ea6811a916e6a8a2763f11163aa02",
                "thumb_720": "https:\/\/files.slack.com\/files-tmb\/TNN3BM5N1-FR02LBR8D-818f504c26\/screen_shot_2019-11-26_at_11.58.15_am_720.png?t=xoxe-770113719749-880564765509-870300588593-7f6ea6811a916e6a8a2763f11163aa02",
                "thumb_720_w": 150,
                "thumb_720_h": 720,
                "thumb_800": "https:\/\/files.slack.com\/files-tmb\/TNN3BM5N1-FR02LBR8D-818f504c26\/screen_shot_2019-11-26_at_11.58.15_am_800.png?t=xoxe-770113719749-880564765509-870300588593-7f6ea6811a916e6a8a2763f11163aa02",
                "thumb_800_w": 166,
                "thumb_800_h": 800,
                "thumb_960": "https:\/\/files.slack.com\/files-tmb\/TNN3BM5N1-FR02LBR8D-818f504c26\/screen_shot_2019-11-26_at_11.58.15_am_960.png?t=xoxe-770113719749-880564765509-870300588593-7f6ea6811a916e6a8a2763f11163aa02",
                "thumb_960_w": 199,
                "thumb_960_h": 960,
                "image_exif_rotation": 1,
                "original_w": 206,
                "original_h": 992,
                "thumb_tiny": "AwAwAAmo33RTaVug+lJQA5vuim049B9PSm0APP3R9PWmU4ngY9PSm0Af\/9k=",
                "permalink": "https:\/\/it490team.slack.com\/files\/UNN3G91A9\/FR02LBR8D\/screen_shot_2019-11-26_at_11.58.15_am.png",
                "permalink_public": "https:\/\/slack-files.com\/TNN3BM5N1-FR02LBR8D-45a501c4d9",
                "is_starred": false,
                "has_rich_preview": false
            }
        ],
        "upload": true,
        "blocks": [
            {
                "type": "rich_text",
                "block_id": "O18t",
                "elements": [
                    {
                        "type": "rich_text_section",
                        "elements": []
                    }
                ]
            }
        ],
        "user": "UNN3G91A9",
        "display_as_bot": false,
        "ts": "1574787687.004800",
        "client_msg_id": "f0cfca2c-bc47-48c2-801b-4943025b5d17"
    },
    {
        "client_msg_id": "1c11231c-e39a-4be1-9227-067133330b48",
        "type": "message",
        "text": "Prod_FE_B: 08:00:27:8C:5D:84",
        "user": "UNPPN7QDT",
        "ts": "1574788061.005200",
        "team": "TNN3BM5N1",
        "user_team": "TNN3BM5N1",
        "source_team": "TNN3BM5N1",
        "user_profile": {
            "avatar_hash": "6c9fd131469b",
            "image_72": "https:\/\/avatars.slack-edge.com\/2019-09-24\/771901658133_6c9fd131469be802ae52_72.jpg",
            "first_name": "",
            "real_name": "Panchajanya Vangapandu",
            "display_name": "Panchajanya Vangapandu",
            "team": "TNN3BM5N1",
            "name": "pvangapandu.fa17",
            "is_restricted": false,
            "is_ultra_restricted": false
        },
        "blocks": [
            {
                "type": "rich_text",
                "block_id": "KwBa",
                "elements": [
                    {
                        "type": "rich_text_section",
                        "elements": [
                            {
                                "type": "text",
                                "text": "Prod_FE_B: 08:00:27:8C:5D:84"
                            }
                        ]
                    }
                ]
            }
        ]
    },
    {
        "client_msg_id": "099A6487-E574-4B5D-A946-C2B0083242BA",
        "type": "message",
        "text": "08:00:27:89:37:28",
        "user": "UNFLCPZHP",
        "ts": "1574788317.005700",
        "team": "TNN3BM5N1",
        "user_team": "TNN3BM5N1",
        "source_team": "TNN3BM5N1",
        "user_profile": {
            "avatar_hash": "6ef87ac1f6e9",
            "image_72": "https:\/\/avatars.slack-edge.com\/2019-09-24\/773662685239_6ef87ac1f6e98ace1477_72.png",
            "first_name": "Michael",
            "real_name": "Michael DeMeo",
            "display_name": "",
            "team": "TNN3BM5N1",
            "name": "md458",
            "is_restricted": false,
            "is_ultra_restricted": false
        }
    },
    {
        "client_msg_id": "11059C33-B37C-42A1-A536-554FB83BDD8B",
        "type": "message",
        "text": "Deployment backup ",
        "user": "UNFLCPZHP",
        "ts": "1574788323.005900",
        "team": "TNN3BM5N1",
        "user_team": "TNN3BM5N1",
        "source_team": "TNN3BM5N1",
        "user_profile": {
            "avatar_hash": "6ef87ac1f6e9",
            "image_72": "https:\/\/avatars.slack-edge.com\/2019-09-24\/773662685239_6ef87ac1f6e98ace1477_72.png",
            "first_name": "Michael",
            "real_name": "Michael DeMeo",
            "display_name": "",
            "team": "TNN3BM5N1",
            "name": "md458",
            "is_restricted": false,
            "is_ultra_restricted": false
        }
    },
    {
        "client_msg_id": "C1BFF2A0-8CEC-422A-BFE7-A3E1BF115E8D",
        "type": "message",
        "text": "QA_FE 08:00:27:cf:06:99",
        "user": "UNMKAJXK6",
        "ts": "1574788882.006700",
        "team": "TNN3BM5N1",
        "user_team": "TNN3BM5N1",
        "source_team": "TNN3BM5N1",
        "user_profile": {
            "avatar_hash": "g9f9137124f4",
            "image_72": "https:\/\/secure.gravatar.com\/avatar\/9f9137124f44060a0fb846f648c9561f.jpg?s=72&d=https%3A%2F%2Fa.slack-edge.com%2Fdf10d%2Fimg%2Favatars%2Fava_0026-72.png",
            "first_name": "",
            "real_name": "Het Patel",
            "display_name": "",
            "team": "TNN3BM5N1",
            "name": "hp342",
            "is_restricted": false,
            "is_ultra_restricted": false
        }
    },
    {
        "client_msg_id": "FFE2E0E7-5E02-413F-A16A-A1F085637EEB",
        "type": "message",
        "text": "<@UQR64SYF8> wya",
        "user": "UNFLCPZHP",
        "ts": "1574789076.006900",
        "team": "TNN3BM5N1",
        "user_team": "TNN3BM5N1",
        "source_team": "TNN3BM5N1",
        "user_profile": {
            "avatar_hash": "6ef87ac1f6e9",
            "image_72": "https:\/\/avatars.slack-edge.com\/2019-09-24\/773662685239_6ef87ac1f6e98ace1477_72.png",
            "first_name": "Michael",
            "real_name": "Michael DeMeo",
            "display_name": "",
            "team": "TNN3BM5N1",
            "name": "md458",
            "is_restricted": false,
            "is_ultra_restricted": false
        }
    },
    {
        "client_msg_id": "0fc1d70b-dc47-47dd-9404-c59905dec46f",
        "type": "message",
        "text": "Im still on hold in my room",
        "user": "UQR64SYF8",
        "ts": "1574789380.008200",
        "team": "TNN3BM5N1",
        "user_team": "TNN3BM5N1",
        "source_team": "TNN3BM5N1",
        "user_profile": {
            "avatar_hash": "g5c4285254ac",
            "image_72": "https:\/\/secure.gravatar.com\/avatar\/5c4285254ac716544400a92a2a2d6ee6.jpg?s=72&d=https%3A%2F%2Fa.slack-edge.com%2Fdf10d%2Fimg%2Favatars%2Fava_0003-72.png",
            "first_name": "",
            "real_name": "Vishal Patel",
            "display_name": "",
            "team": "TNN3BM5N1",
            "name": "vnp28",
            "is_restricted": false,
            "is_ultra_restricted": false
        },
        "blocks": [
            {
                "type": "rich_text",
                "block_id": "CnWM",
                "elements": [
                    {
                        "type": "rich_text_section",
                        "elements": [
                            {
                                "type": "text",
                                "text": "Im still on hold in my room"
                            }
                        ]
                    }
                ]
            }
        ]
    },
    {
        "client_msg_id": "468AC453-BDC9-44DC-92F2-629FFB8A1BCB",
        "type": "message",
        "text": "Will be there around 3.20ish",
        "user": "UNMKAJXK6",
        "ts": "1574798295.000800",
        "team": "TNN3BM5N1",
        "user_team": "TNN3BM5N1",
        "source_team": "TNN3BM5N1",
        "user_profile": {
            "avatar_hash": "g9f9137124f4",
            "image_72": "https:\/\/secure.gravatar.com\/avatar\/9f9137124f44060a0fb846f648c9561f.jpg?s=72&d=https%3A%2F%2Fa.slack-edge.com%2Fdf10d%2Fimg%2Favatars%2Fava_0026-72.png",
            "first_name": "",
            "real_name": "Het Patel",
            "display_name": "",
            "team": "TNN3BM5N1",
            "name": "hp342",
            "is_restricted": false,
            "is_ultra_restricted": false
        }
    },
    {
        "client_msg_id": "f0d8bd71-866a-4f22-b4b5-617c9d6b3cf8",
        "type": "message",
        "text": "I'm on my way",
        "user": "UQR64SYF8",
        "ts": "1574798401.001100",
        "team": "TNN3BM5N1",
        "user_team": "TNN3BM5N1",
        "source_team": "TNN3BM5N1",
        "user_profile": {
            "avatar_hash": "g5c4285254ac",
            "image_72": "https:\/\/secure.gravatar.com\/avatar\/5c4285254ac716544400a92a2a2d6ee6.jpg?s=72&d=https%3A%2F%2Fa.slack-edge.com%2Fdf10d%2Fimg%2Favatars%2Fava_0003-72.png",
            "first_name": "",
            "real_name": "Vishal Patel",
            "display_name": "",
            "team": "TNN3BM5N1",
            "name": "vnp28",
            "is_restricted": false,
            "is_ultra_restricted": false
        },
        "blocks": [
            {
                "type": "rich_text",
                "block_id": "\/FeHv",
                "elements": [
                    {
                        "type": "rich_text_section",
                        "elements": [
                            {
                                "type": "text",
                                "text": "I'm on my way"
                            }
                        ]
                    }
                ]
            }
        ]
    },
    {
        "client_msg_id": "6846BD62-3EFE-4F7C-8742-598730B1B616",
        "type": "message",
        "text": "Dev_Be \n192.168.0.144\n08:00:27:b7:5d:8a",
        "user": "UNFLCPZHP",
        "ts": "1574799634.002200",
        "team": "TNN3BM5N1",
        "user_team": "TNN3BM5N1",
        "source_team": "TNN3BM5N1",
        "user_profile": {
            "avatar_hash": "6ef87ac1f6e9",
            "image_72": "https:\/\/avatars.slack-edge.com\/2019-09-24\/773662685239_6ef87ac1f6e98ace1477_72.png",
            "first_name": "Michael",
            "real_name": "Michael DeMeo",
            "display_name": "",
            "team": "TNN3BM5N1",
            "name": "md458",
            "is_restricted": false,
            "is_ultra_restricted": false
        }
    },
    {
        "client_msg_id": "f4fd29b9-ca83-4664-8454-dd2ed431ce7b",
        "type": "message",
        "text": "Dev_FE 08:00:27:C7:DD:10\nQA_BE 08:00:27:6A:C2:92",
        "user": "UQR64SYF8",
        "ts": "1574802906.004300",
        "team": "TNN3BM5N1",
        "user_team": "TNN3BM5N1",
        "source_team": "TNN3BM5N1",
        "user_profile": {
            "avatar_hash": "g5c4285254ac",
            "image_72": "https:\/\/secure.gravatar.com\/avatar\/5c4285254ac716544400a92a2a2d6ee6.jpg?s=72&d=https%3A%2F%2Fa.slack-edge.com%2Fdf10d%2Fimg%2Favatars%2Fava_0003-72.png",
            "first_name": "",
            "real_name": "Vishal Patel",
            "display_name": "",
            "team": "TNN3BM5N1",
            "name": "vnp28",
            "is_restricted": false,
            "is_ultra_restricted": false
        },
        "blocks": [
            {
                "type": "rich_text",
                "block_id": "5Bi",
                "elements": [
                    {
                        "type": "rich_text_section",
                        "elements": [
                            {
                                "type": "text",
                                "text": "Dev_FE 08:00:27:C7:DD:10\nQA_BE 08:00:27:6A:C2:92"
                            }
                        ]
                    }
                ]
            }
        ]
    },
    {
        "client_msg_id": "9252f5b4-3481-48e8-a077-30c2da86d8eb",
        "type": "message",
        "text": "Prod_dmz 08:00:27:74:5F:31",
        "user": "UQR64SYF8",
        "ts": "1574803103.005200",
        "team": "TNN3BM5N1",
        "user_team": "TNN3BM5N1",
        "source_team": "TNN3BM5N1",
        "user_profile": {
            "avatar_hash": "g5c4285254ac",
            "image_72": "https:\/\/secure.gravatar.com\/avatar\/5c4285254ac716544400a92a2a2d6ee6.jpg?s=72&d=https%3A%2F%2Fa.slack-edge.com%2Fdf10d%2Fimg%2Favatars%2Fava_0003-72.png",
            "first_name": "",
            "real_name": "Vishal Patel",
            "display_name": "",
            "team": "TNN3BM5N1",
            "name": "vnp28",
            "is_restricted": false,
            "is_ultra_restricted": false
        },
        "blocks": [
            {
                "type": "rich_text",
                "block_id": "AFu",
                "elements": [
                    {
                        "type": "rich_text_section",
                        "elements": [
                            {
                                "type": "text",
                                "text": "Prod_dmz 08:00:27:74:5F:31"
                            }
                        ]
                    }
                ]
            }
        ]
    },
    {
        "client_msg_id": "DBF36727-302D-4514-873A-1D0481A4AFA7",
        "type": "message",
        "text": "Ossim is installed and working",
        "user": "UNFLCPZHP",
        "ts": "1574810870.000300",
        "team": "TNN3BM5N1",
        "user_team": "TNN3BM5N1",
        "source_team": "TNN3BM5N1",
        "user_profile": {
            "avatar_hash": "6ef87ac1f6e9",
            "image_72": "https:\/\/avatars.slack-edge.com\/2019-09-24\/773662685239_6ef87ac1f6e98ace1477_72.png",
            "first_name": "Michael",
            "real_name": "Michael DeMeo",
            "display_name": "",
            "team": "TNN3BM5N1",
            "name": "md458",
            "is_restricted": false,
            "is_ultra_restricted": false
        }
    },
    {
        "type": "message",
        "text": "",
        "files": [
            {
                "id": "FQMQY3PJN",
                "created": 1574810896,
                "timestamp": 1574810896,
                "name": "Image from iOS.jpg",
                "title": "Image from iOS",
                "mimetype": "image\/jpeg",
                "filetype": "jpg",
                "pretty_type": "JPEG",
                "user": "UNFLCPZHP",
                "editable": false,
                "size": 1391742,
                "mode": "hosted",
                "is_external": false,
                "external_type": "",
                "is_public": true,
                "public_url_shared": false,
                "display_as_bot": false,
                "username": "",
                "url_private": "https:\/\/files.slack.com\/files-pri\/TNN3BM5N1-FQMQY3PJN\/image_from_ios.jpg?t=xoxe-770113719749-880564765509-870300588593-7f6ea6811a916e6a8a2763f11163aa02",
                "url_private_download": "https:\/\/files.slack.com\/files-pri\/TNN3BM5N1-FQMQY3PJN\/download\/image_from_ios.jpg?t=xoxe-770113719749-880564765509-870300588593-7f6ea6811a916e6a8a2763f11163aa02",
                "thumb_64": "https:\/\/files.slack.com\/files-tmb\/TNN3BM5N1-FQMQY3PJN-e9568dc7d3\/image_from_ios_64.jpg?t=xoxe-770113719749-880564765509-870300588593-7f6ea6811a916e6a8a2763f11163aa02",
                "thumb_80": "https:\/\/files.slack.com\/files-tmb\/TNN3BM5N1-FQMQY3PJN-e9568dc7d3\/image_from_ios_80.jpg?t=xoxe-770113719749-880564765509-870300588593-7f6ea6811a916e6a8a2763f11163aa02",
                "thumb_360": "https:\/\/files.slack.com\/files-tmb\/TNN3BM5N1-FQMQY3PJN-e9568dc7d3\/image_from_ios_360.jpg?t=xoxe-770113719749-880564765509-870300588593-7f6ea6811a916e6a8a2763f11163aa02",
                "thumb_360_w": 270,
                "thumb_360_h": 360,
                "thumb_480": "https:\/\/files.slack.com\/files-tmb\/TNN3BM5N1-FQMQY3PJN-e9568dc7d3\/image_from_ios_480.jpg?t=xoxe-770113719749-880564765509-870300588593-7f6ea6811a916e6a8a2763f11163aa02",
                "thumb_480_w": 360,
                "thumb_480_h": 480,
                "thumb_160": "https:\/\/files.slack.com\/files-tmb\/TNN3BM5N1-FQMQY3PJN-e9568dc7d3\/image_from_ios_160.jpg?t=xoxe-770113719749-880564765509-870300588593-7f6ea6811a916e6a8a2763f11163aa02",
                "thumb_720": "https:\/\/files.slack.com\/files-tmb\/TNN3BM5N1-FQMQY3PJN-e9568dc7d3\/image_from_ios_720.jpg?t=xoxe-770113719749-880564765509-870300588593-7f6ea6811a916e6a8a2763f11163aa02",
                "thumb_720_w": 540,
                "thumb_720_h": 720,
                "thumb_800": "https:\/\/files.slack.com\/files-tmb\/TNN3BM5N1-FQMQY3PJN-e9568dc7d3\/image_from_ios_800.jpg?t=xoxe-770113719749-880564765509-870300588593-7f6ea6811a916e6a8a2763f11163aa02",
                "thumb_800_w": 800,
                "thumb_800_h": 1067,
                "thumb_960": "https:\/\/files.slack.com\/files-tmb\/TNN3BM5N1-FQMQY3PJN-e9568dc7d3\/image_from_ios_960.jpg?t=xoxe-770113719749-880564765509-870300588593-7f6ea6811a916e6a8a2763f11163aa02",
                "thumb_960_w": 720,
                "thumb_960_h": 960,
                "thumb_1024": "https:\/\/files.slack.com\/files-tmb\/TNN3BM5N1-FQMQY3PJN-e9568dc7d3\/image_from_ios_1024.jpg?t=xoxe-770113719749-880564765509-870300588593-7f6ea6811a916e6a8a2763f11163aa02",
                "thumb_1024_w": 768,
                "thumb_1024_h": 1024,
                "image_exif_rotation": 6,
                "original_w": 4032,
                "original_h": 3024,
                "thumb_tiny": "AwAwACScWyeh\/OnfZ4\/7v61DdkrJ+FVjNilYZf8AIj\/uj86PJj\/uis\/zqQOTTsFzQ8qP+6tJ5Uf91apA0UWFcs33DL9Kz2PPatG+GQtZ7LQgGbvYflTlam7acBTAnXpS01elFAi\/I8LL87A496jxan\/9dZxc0m+psUaJjtPXH40nlWn98\/nWfvpd9MRoeVbf89P1o8q3\/wCen61n7\/ejf70Af\/\/Z",
                "permalink": "https:\/\/it490team.slack.com\/files\/UNFLCPZHP\/FQMQY3PJN\/image_from_ios.jpg",
                "permalink_public": "https:\/\/slack-files.com\/TNN3BM5N1-FQMQY3PJN-d6df5b99d1",
                "is_starred": false,
                "has_rich_preview": false
            }
        ],
        "upload": true,
        "user": "UNFLCPZHP",
        "display_as_bot": false,
        "ts": "1574810904.000400",
        "client_msg_id": "D9E62127-1CE5-426B-9F39-AC7AB4683202"
    },
    {
        "client_msg_id": "01456870-de9e-4d08-8bc0-ba4138cda8bf",
        "type": "message",
        "text": "Awesome",
        "user": "UNPPN7QDT",
        "ts": "1574811509.000800",
        "team": "TNN3BM5N1",
        "user_team": "TNN3BM5N1",
        "source_team": "TNN3BM5N1",
        "user_profile": {
            "avatar_hash": "6c9fd131469b",
            "image_72": "https:\/\/avatars.slack-edge.com\/2019-09-24\/771901658133_6c9fd131469be802ae52_72.jpg",
            "first_name": "",
            "real_name": "Panchajanya Vangapandu",
            "display_name": "Panchajanya Vangapandu",
            "team": "TNN3BM5N1",
            "name": "pvangapandu.fa17",
            "is_restricted": false,
            "is_ultra_restricted": false
        },
        "blocks": [
            {
                "type": "rich_text",
                "block_id": "R6hR",
                "elements": [
                    {
                        "type": "rich_text_section",
                        "elements": [
                            {
                                "type": "text",
                                "text": "Awesome"
                            }
                        ]
                    }
                ]
            }
        ]
    },
    {
        "client_msg_id": "8B2D786A-20C4-42A7-B22B-BFE3C6194D7F",
        "type": "message",
        "text": "I just need to be on our network for me to be able to access the web UI",
        "user": "UNFLCPZHP",
        "ts": "1574811536.001400",
        "team": "TNN3BM5N1",
        "user_team": "TNN3BM5N1",
        "source_team": "TNN3BM5N1",
        "user_profile": {
            "avatar_hash": "6ef87ac1f6e9",
            "image_72": "https:\/\/avatars.slack-edge.com\/2019-09-24\/773662685239_6ef87ac1f6e98ace1477_72.png",
            "first_name": "Michael",
            "real_name": "Michael DeMeo",
            "display_name": "",
            "team": "TNN3BM5N1",
            "name": "md458",
            "is_restricted": false,
            "is_ultra_restricted": false
        }
    },
    {
        "client_msg_id": "317601EA-C82C-41C1-9454-07E1C3E5A6BD",
        "type": "message",
        "text": "Not much I can do rn",
        "user": "UNFLCPZHP",
        "ts": "1574811544.001700",
        "team": "TNN3BM5N1",
        "user_team": "TNN3BM5N1",
        "source_team": "TNN3BM5N1",
        "user_profile": {
            "avatar_hash": "6ef87ac1f6e9",
            "image_72": "https:\/\/avatars.slack-edge.com\/2019-09-24\/773662685239_6ef87ac1f6e98ace1477_72.png",
            "first_name": "Michael",
            "real_name": "Michael DeMeo",
            "display_name": "",
            "team": "TNN3BM5N1",
            "name": "md458",
            "is_restricted": false,
            "is_ultra_restricted": false
        }
    }
]