[
    {
        "type": "message",
        "subtype": "channel_join",
        "ts": "1569256861.000200",
        "user": "UNFLCPZHP",
        "text": "<@UNFLCPZHP> has joined the channel"
    },
    {
        "client_msg_id": "b8becdb6-f5a1-40fa-afef-51529b89884b",
        "type": "message",
        "text": "test",
        "user": "UNFLCPZHP",
        "ts": "1569256983.000400",
        "team": "TNN3BM5N1",
        "user_team": "TNN3BM5N1",
        "source_team": "TNN3BM5N1",
        "user_profile": {
            "avatar_hash": "6ef87ac1f6e9",
            "image_72": "https:\/\/avatars.slack-edge.com\/2019-09-24\/773662685239_6ef87ac1f6e98ace1477_72.png",
            "first_name": "Michael",
            "real_name": "Michael DeMeo",
            "display_name": "",
            "team": "TNN3BM5N1",
            "name": "md458",
            "is_restricted": false,
            "is_ultra_restricted": false
        }
    },
    {
        "type": "message",
        "subtype": "channel_join",
        "ts": "1569257046.000600",
        "user": "UNN3G91A9",
        "text": "<@UNN3G91A9> has joined the channel"
    },
    {
        "client_msg_id": "3bd7449a-7437-49f8-a532-c0b02ea81c19",
        "type": "message",
        "text": "yo",
        "user": "UNN3G91A9",
        "ts": "1569257066.000800",
        "team": "TNN3BM5N1",
        "user_team": "TNN3BM5N1",
        "source_team": "TNN3BM5N1",
        "user_profile": {
            "avatar_hash": "gaa567b03c43",
            "image_72": "https:\/\/secure.gravatar.com\/avatar\/aa567b03c43d16fe9862dd1fddf1112c.jpg?s=72&d=https%3A%2F%2Fa.slack-edge.com%2Fdf10d%2Fimg%2Favatars%2Fava_0008-72.png",
            "first_name": "",
            "real_name": "Todd Murphy",
            "display_name": "Todd Murphy",
            "team": "TNN3BM5N1",
            "name": "tam44",
            "is_restricted": false,
            "is_ultra_restricted": false
        }
    },
    {
        "client_msg_id": "533116aa-4106-4158-bafc-2ff4e20268e0",
        "type": "message",
        "text": "Het says we need our router in order to get different IP's and to ping or SSH to each other",
        "user": "UNFLCPZHP",
        "ts": "1569257318.001300",
        "team": "TNN3BM5N1",
        "user_team": "TNN3BM5N1",
        "source_team": "TNN3BM5N1",
        "user_profile": {
            "avatar_hash": "6ef87ac1f6e9",
            "image_72": "https:\/\/avatars.slack-edge.com\/2019-09-24\/773662685239_6ef87ac1f6e98ace1477_72.png",
            "first_name": "Michael",
            "real_name": "Michael DeMeo",
            "display_name": "",
            "team": "TNN3BM5N1",
            "name": "md458",
            "is_restricted": false,
            "is_ultra_restricted": false
        }
    },
    {
        "type": "message",
        "subtype": "channel_join",
        "ts": "1569257334.001500",
        "user": "UNMKAJXK6",
        "text": "<@UNMKAJXK6> has joined the channel"
    },
    {
        "client_msg_id": "19fb87ea-1d50-40fa-a3b3-a21f1f31b7d2",
        "type": "message",
        "text": "So either before or on Thursday we need to make sure we can do this",
        "user": "UNFLCPZHP",
        "ts": "1569257364.001900",
        "team": "TNN3BM5N1",
        "user_team": "TNN3BM5N1",
        "source_team": "TNN3BM5N1",
        "user_profile": {
            "avatar_hash": "6ef87ac1f6e9",
            "image_72": "https:\/\/avatars.slack-edge.com\/2019-09-24\/773662685239_6ef87ac1f6e98ace1477_72.png",
            "first_name": "Michael",
            "real_name": "Michael DeMeo",
            "display_name": "",
            "team": "TNN3BM5N1",
            "name": "md458",
            "is_restricted": false,
            "is_ultra_restricted": false
        }
    },
    {
        "client_msg_id": "4140BE52-4E65-483A-837E-2BF76B213D39",
        "type": "message",
        "text": "Yes i can bring it tomorrow for sure",
        "user": "UNMKAJXK6",
        "ts": "1569257384.002400",
        "team": "TNN3BM5N1",
        "user_team": "TNN3BM5N1",
        "source_team": "TNN3BM5N1",
        "user_profile": {
            "avatar_hash": "g9f9137124f4",
            "image_72": "https:\/\/secure.gravatar.com\/avatar\/9f9137124f44060a0fb846f648c9561f.jpg?s=72&d=https%3A%2F%2Fa.slack-edge.com%2Fdf10d%2Fimg%2Favatars%2Fava_0026-72.png",
            "first_name": "",
            "real_name": "Het Patel",
            "display_name": "",
            "team": "TNN3BM5N1",
            "name": "hp342",
            "is_restricted": false,
            "is_ultra_restricted": false
        }
    }
]