[
    {
        "client_msg_id": "0F4D067A-3F8D-4C6D-81A6-1A83BCEA4E11",
        "type": "message",
        "text": "Het did you at any point lose connection?",
        "user": "UNFLCPZHP",
        "ts": "1571421707.000400",
        "team": "TNN3BM5N1",
        "user_team": "TNN3BM5N1",
        "source_team": "TNN3BM5N1",
        "user_profile": {
            "avatar_hash": "6ef87ac1f6e9",
            "image_72": "https:\/\/avatars.slack-edge.com\/2019-09-24\/773662685239_6ef87ac1f6e98ace1477_72.png",
            "first_name": "Michael",
            "real_name": "Michael DeMeo",
            "display_name": "",
            "team": "TNN3BM5N1",
            "name": "md458",
            "is_restricted": false,
            "is_ultra_restricted": false
        }
    },
    {
        "client_msg_id": "97DA42FD-160B-4EFB-9BEF-1B390385E971",
        "type": "message",
        "text": "No",
        "user": "UNMKAJXK6",
        "ts": "1571421726.000600",
        "team": "TNN3BM5N1",
        "user_team": "TNN3BM5N1",
        "source_team": "TNN3BM5N1",
        "user_profile": {
            "avatar_hash": "g9f9137124f4",
            "image_72": "https:\/\/secure.gravatar.com\/avatar\/9f9137124f44060a0fb846f648c9561f.jpg?s=72&d=https%3A%2F%2Fa.slack-edge.com%2Fdf10d%2Fimg%2Favatars%2Fava_0026-72.png",
            "first_name": "",
            "real_name": "Het Patel",
            "display_name": "",
            "team": "TNN3BM5N1",
            "name": "hp342",
            "is_restricted": false,
            "is_ultra_restricted": false
        }
    },
    {
        "client_msg_id": "883ACC2F-9779-473A-B916-168A6A6F1C73",
        "type": "message",
        "text": "It was working fine",
        "user": "UNMKAJXK6",
        "ts": "1571421733.001000",
        "team": "TNN3BM5N1",
        "user_team": "TNN3BM5N1",
        "source_team": "TNN3BM5N1",
        "user_profile": {
            "avatar_hash": "g9f9137124f4",
            "image_72": "https:\/\/secure.gravatar.com\/avatar\/9f9137124f44060a0fb846f648c9561f.jpg?s=72&d=https%3A%2F%2Fa.slack-edge.com%2Fdf10d%2Fimg%2Favatars%2Fava_0026-72.png",
            "first_name": "",
            "real_name": "Het Patel",
            "display_name": "",
            "team": "TNN3BM5N1",
            "name": "hp342",
            "is_restricted": false,
            "is_ultra_restricted": false
        }
    },
    {
        "client_msg_id": "F98EF6DB-4E19-4210-99E5-79E321A1CB86",
        "type": "message",
        "text": "<@UNN3G91A9> did you gave static ip address?\n",
        "user": "UNMKAJXK6",
        "ts": "1571421758.002300",
        "team": "TNN3BM5N1",
        "user_team": "TNN3BM5N1",
        "source_team": "TNN3BM5N1",
        "user_profile": {
            "avatar_hash": "g9f9137124f4",
            "image_72": "https:\/\/secure.gravatar.com\/avatar\/9f9137124f44060a0fb846f648c9561f.jpg?s=72&d=https%3A%2F%2Fa.slack-edge.com%2Fdf10d%2Fimg%2Favatars%2Fava_0026-72.png",
            "first_name": "",
            "real_name": "Het Patel",
            "display_name": "",
            "team": "TNN3BM5N1",
            "name": "hp342",
            "is_restricted": false,
            "is_ultra_restricted": false
        }
    },
    {
        "client_msg_id": "2759C9E9-AE52-4D8E-B290-F08FC0645646",
        "type": "message",
        "text": "Okay, so it’s probably the Njit network, <@UNN3G91A9>  did they give you a ticket number and are you at all able to add on to it if our findings?",
        "user": "UNFLCPZHP",
        "ts": "1571421771.002900",
        "team": "TNN3BM5N1",
        "user_team": "TNN3BM5N1",
        "source_team": "TNN3BM5N1",
        "user_profile": {
            "avatar_hash": "6ef87ac1f6e9",
            "image_72": "https:\/\/avatars.slack-edge.com\/2019-09-24\/773662685239_6ef87ac1f6e98ace1477_72.png",
            "first_name": "Michael",
            "real_name": "Michael DeMeo",
            "display_name": "",
            "team": "TNN3BM5N1",
            "name": "md458",
            "is_restricted": false,
            "is_ultra_restricted": false
        }
    },
    {
        "client_msg_id": "42B4CDDB-61AC-4DB9-AD84-452E1FEBDDD2",
        "type": "message",
        "text": "yes i did",
        "user": "UNN3G91A9",
        "ts": "1571421773.003100",
        "team": "TNN3BM5N1",
        "user_team": "TNN3BM5N1",
        "source_team": "TNN3BM5N1",
        "user_profile": {
            "avatar_hash": "gaa567b03c43",
            "image_72": "https:\/\/secure.gravatar.com\/avatar\/aa567b03c43d16fe9862dd1fddf1112c.jpg?s=72&d=https%3A%2F%2Fa.slack-edge.com%2Fdf10d%2Fimg%2Favatars%2Fava_0008-72.png",
            "first_name": "",
            "real_name": "Todd Murphy",
            "display_name": "Todd Murphy",
            "team": "TNN3BM5N1",
            "name": "tam44",
            "is_restricted": false,
            "is_ultra_restricted": false
        }
    },
    {
        "client_msg_id": "F1D6D18C-D3ED-4AD5-A758-3D3B7150CC46",
        "type": "message",
        "text": "yes i have a ticket number",
        "user": "UNN3G91A9",
        "ts": "1571421786.003700",
        "team": "TNN3BM5N1",
        "user_team": "TNN3BM5N1",
        "source_team": "TNN3BM5N1",
        "user_profile": {
            "avatar_hash": "gaa567b03c43",
            "image_72": "https:\/\/secure.gravatar.com\/avatar\/aa567b03c43d16fe9862dd1fddf1112c.jpg?s=72&d=https%3A%2F%2Fa.slack-edge.com%2Fdf10d%2Fimg%2Favatars%2Fava_0008-72.png",
            "first_name": "",
            "real_name": "Todd Murphy",
            "display_name": "Todd Murphy",
            "team": "TNN3BM5N1",
            "name": "tam44",
            "is_restricted": false,
            "is_ultra_restricted": false
        }
    },
    {
        "client_msg_id": "3FB4A91D-4FCD-4B78-908F-EC5F91824591",
        "type": "message",
        "text": "One my friend is saying that if you remove static ip than it will work fine ",
        "user": "UNMKAJXK6",
        "ts": "1571421809.004300",
        "team": "TNN3BM5N1",
        "user_team": "TNN3BM5N1",
        "source_team": "TNN3BM5N1",
        "user_profile": {
            "avatar_hash": "g9f9137124f4",
            "image_72": "https:\/\/secure.gravatar.com\/avatar\/9f9137124f44060a0fb846f648c9561f.jpg?s=72&d=https%3A%2F%2Fa.slack-edge.com%2Fdf10d%2Fimg%2Favatars%2Fava_0026-72.png",
            "first_name": "",
            "real_name": "Het Patel",
            "display_name": "",
            "team": "TNN3BM5N1",
            "name": "hp342",
            "is_restricted": false,
            "is_ultra_restricted": false
        }
    },
    {
        "client_msg_id": "DBD3AC36-34A7-4363-A33F-16D1FBEDA098",
        "type": "message",
        "text": "But that could mess us up ",
        "user": "UNFLCPZHP",
        "ts": "1571421820.004600",
        "team": "TNN3BM5N1",
        "user_team": "TNN3BM5N1",
        "source_team": "TNN3BM5N1",
        "user_profile": {
            "avatar_hash": "6ef87ac1f6e9",
            "image_72": "https:\/\/avatars.slack-edge.com\/2019-09-24\/773662685239_6ef87ac1f6e98ace1477_72.png",
            "first_name": "Michael",
            "real_name": "Michael DeMeo",
            "display_name": "",
            "team": "TNN3BM5N1",
            "name": "md458",
            "is_restricted": false,
            "is_ultra_restricted": false
        }
    },
    {
        "client_msg_id": "614AA143-B7EA-4886-B40A-8179C5D92601",
        "type": "message",
        "text": "Took some time but I managed to split the screen in half and have the api search feature on right side of screen, so if you work on any code just be sure to update from master. ",
        "user": "UNFLCPZHP",
        "ts": "1571426438.001100",
        "team": "TNN3BM5N1",
        "user_team": "TNN3BM5N1",
        "source_team": "TNN3BM5N1",
        "user_profile": {
            "avatar_hash": "6ef87ac1f6e9",
            "image_72": "https:\/\/avatars.slack-edge.com\/2019-09-24\/773662685239_6ef87ac1f6e98ace1477_72.png",
            "first_name": "Michael",
            "real_name": "Michael DeMeo",
            "display_name": "",
            "team": "TNN3BM5N1",
            "name": "md458",
            "is_restricted": false,
            "is_ultra_restricted": false
        },
        "reactions": [
            {
                "name": "heart",
                "users": [
                    "UNMKAJXK6"
                ],
                "count": 1
            }
        ]
    },
    {
        "client_msg_id": "BAD55C39-8764-4135-B010-5262D6F5155A",
        "type": "message",
        "text": "Router is working fine ",
        "user": "UNMKAJXK6",
        "ts": "1571447073.000400",
        "team": "TNN3BM5N1",
        "user_team": "TNN3BM5N1",
        "source_team": "TNN3BM5N1",
        "user_profile": {
            "avatar_hash": "g9f9137124f4",
            "image_72": "https:\/\/secure.gravatar.com\/avatar\/9f9137124f44060a0fb846f648c9561f.jpg?s=72&d=https%3A%2F%2Fa.slack-edge.com%2Fdf10d%2Fimg%2Favatars%2Fava_0026-72.png",
            "first_name": "",
            "real_name": "Het Patel",
            "display_name": "",
            "team": "TNN3BM5N1",
            "name": "hp342",
            "is_restricted": false,
            "is_ultra_restricted": false
        }
    },
    {
        "type": "message",
        "text": "",
        "files": [
            {
                "id": "FPM7KGM63",
                "created": 1571447104,
                "timestamp": 1571447104,
                "name": "Image from iOS.jpg",
                "title": "Image from iOS",
                "mimetype": "image\/jpeg",
                "filetype": "jpg",
                "pretty_type": "JPEG",
                "user": "UNMKAJXK6",
                "editable": false,
                "size": 846756,
                "mode": "hosted",
                "is_external": false,
                "external_type": "",
                "is_public": true,
                "public_url_shared": false,
                "display_as_bot": false,
                "username": "",
                "url_private": "https:\/\/files.slack.com\/files-pri\/TNN3BM5N1-FPM7KGM63\/image_from_ios.jpg?t=xoxe-770113719749-880564765509-870300588593-7f6ea6811a916e6a8a2763f11163aa02",
                "url_private_download": "https:\/\/files.slack.com\/files-pri\/TNN3BM5N1-FPM7KGM63\/download\/image_from_ios.jpg?t=xoxe-770113719749-880564765509-870300588593-7f6ea6811a916e6a8a2763f11163aa02",
                "thumb_64": "https:\/\/files.slack.com\/files-tmb\/TNN3BM5N1-FPM7KGM63-d8091edf61\/image_from_ios_64.jpg?t=xoxe-770113719749-880564765509-870300588593-7f6ea6811a916e6a8a2763f11163aa02",
                "thumb_80": "https:\/\/files.slack.com\/files-tmb\/TNN3BM5N1-FPM7KGM63-d8091edf61\/image_from_ios_80.jpg?t=xoxe-770113719749-880564765509-870300588593-7f6ea6811a916e6a8a2763f11163aa02",
                "thumb_360": "https:\/\/files.slack.com\/files-tmb\/TNN3BM5N1-FPM7KGM63-d8091edf61\/image_from_ios_360.jpg?t=xoxe-770113719749-880564765509-870300588593-7f6ea6811a916e6a8a2763f11163aa02",
                "thumb_360_w": 270,
                "thumb_360_h": 360,
                "thumb_480": "https:\/\/files.slack.com\/files-tmb\/TNN3BM5N1-FPM7KGM63-d8091edf61\/image_from_ios_480.jpg?t=xoxe-770113719749-880564765509-870300588593-7f6ea6811a916e6a8a2763f11163aa02",
                "thumb_480_w": 360,
                "thumb_480_h": 480,
                "thumb_160": "https:\/\/files.slack.com\/files-tmb\/TNN3BM5N1-FPM7KGM63-d8091edf61\/image_from_ios_160.jpg?t=xoxe-770113719749-880564765509-870300588593-7f6ea6811a916e6a8a2763f11163aa02",
                "thumb_720": "https:\/\/files.slack.com\/files-tmb\/TNN3BM5N1-FPM7KGM63-d8091edf61\/image_from_ios_720.jpg?t=xoxe-770113719749-880564765509-870300588593-7f6ea6811a916e6a8a2763f11163aa02",
                "thumb_720_w": 540,
                "thumb_720_h": 720,
                "thumb_800": "https:\/\/files.slack.com\/files-tmb\/TNN3BM5N1-FPM7KGM63-d8091edf61\/image_from_ios_800.jpg?t=xoxe-770113719749-880564765509-870300588593-7f6ea6811a916e6a8a2763f11163aa02",
                "thumb_800_w": 800,
                "thumb_800_h": 1067,
                "thumb_960": "https:\/\/files.slack.com\/files-tmb\/TNN3BM5N1-FPM7KGM63-d8091edf61\/image_from_ios_960.jpg?t=xoxe-770113719749-880564765509-870300588593-7f6ea6811a916e6a8a2763f11163aa02",
                "thumb_960_w": 720,
                "thumb_960_h": 960,
                "thumb_1024": "https:\/\/files.slack.com\/files-tmb\/TNN3BM5N1-FPM7KGM63-d8091edf61\/image_from_ios_1024.jpg?t=xoxe-770113719749-880564765509-870300588593-7f6ea6811a916e6a8a2763f11163aa02",
                "thumb_1024_w": 768,
                "thumb_1024_h": 1024,
                "image_exif_rotation": 6,
                "original_w": 4032,
                "original_h": 3024,
                "thumb_tiny": "AwAwACQe+RhjY9R\/aU\/utSD8KeoqWb+zS6kUsyuhUBh+FJHKqKBhjVn6igYpC5PMh+0r\/daj7Sv91qnwKOPalp2HyeZTBO84P4U\/Lf5NRA\/OcelPyfatTOW7EO\/1P50hMg7mhyQOfzzTCc9z+NAi3AS0eSc81JiooDiIU\/NZPc6YrQqAc570vPYimBhTgw9a1M1ysUqx9KQxt2x+dODCnZpFqEGKmVQA07dTM0Z96mxqrJWP\/9k=",
                "permalink": "https:\/\/it490team.slack.com\/files\/UNMKAJXK6\/FPM7KGM63\/image_from_ios.jpg",
                "permalink_public": "https:\/\/slack-files.com\/TNN3BM5N1-FPM7KGM63-58162811ab",
                "is_starred": false,
                "has_rich_preview": false
            }
        ],
        "upload": true,
        "user": "UNMKAJXK6",
        "display_as_bot": false,
        "ts": "1571447109.000500",
        "client_msg_id": "8195808E-366E-4734-AE92-C53FEEA28E9B"
    },
    {
        "client_msg_id": "a23beceb-8f5b-46d0-88ce-e7ca1e102928",
        "type": "message",
        "text": "Fucking njit",
        "user": "UNPPN7QDT",
        "ts": "1571447139.000900",
        "team": "TNN3BM5N1",
        "user_team": "TNN3BM5N1",
        "source_team": "TNN3BM5N1",
        "user_profile": {
            "avatar_hash": "6c9fd131469b",
            "image_72": "https:\/\/avatars.slack-edge.com\/2019-09-24\/771901658133_6c9fd131469be802ae52_72.jpg",
            "first_name": "",
            "real_name": "Panchajanya Vangapandu",
            "display_name": "Panchajanya Vangapandu",
            "team": "TNN3BM5N1",
            "name": "pvangapandu.fa17",
            "is_restricted": false,
            "is_ultra_restricted": false
        }
    }
]