[
    {
        "client_msg_id": "663D5089-F3B6-49FE-B88E-043F33F43730",
        "type": "message",
        "text": "I’ve been putting my HTML stuff in the GitHub, if anyone wants to take a look feel free, I got the login and some parts of homepage so far, will work on it more later, try to make things nicer and change some other things ",
        "user": "UNFLCPZHP",
        "ts": "1570548146.001500",
        "team": "TNN3BM5N1",
        "user_team": "TNN3BM5N1",
        "source_team": "TNN3BM5N1",
        "user_profile": {
            "avatar_hash": "6ef87ac1f6e9",
            "image_72": "https:\/\/avatars.slack-edge.com\/2019-09-24\/773662685239_6ef87ac1f6e98ace1477_72.png",
            "first_name": "Michael",
            "real_name": "Michael DeMeo",
            "display_name": "",
            "team": "TNN3BM5N1",
            "name": "md458",
            "is_restricted": false,
            "is_ultra_restricted": false
        }
    }
]