[
    {
        "client_msg_id": "86B58F29-3436-4DE9-B8FF-D63F8397C318",
        "type": "message",
        "text": "Putting it here so everyone knows, meeting at 12 on Tuesday ",
        "user": "UNFLCPZHP",
        "ts": "1576182350.000500",
        "team": "TNN3BM5N1",
        "user_team": "TNN3BM5N1",
        "source_team": "TNN3BM5N1",
        "user_profile": {
            "avatar_hash": "6ef87ac1f6e9",
            "image_72": "https:\/\/avatars.slack-edge.com\/2019-09-24\/773662685239_6ef87ac1f6e98ace1477_72.png",
            "first_name": "Michael",
            "real_name": "Michael DeMeo",
            "display_name": "",
            "team": "TNN3BM5N1",
            "name": "md458",
            "is_restricted": false,
            "is_ultra_restricted": false
        },
        "blocks": [
            {
                "type": "rich_text",
                "block_id": "NOc",
                "elements": [
                    {
                        "type": "rich_text_section",
                        "elements": [
                            {
                                "type": "text",
                                "text": "Putting it here so everyone knows, meeting at 12 on Tuesday "
                            }
                        ]
                    }
                ]
            }
        ]
    },
    {
        "client_msg_id": "d4b738f5-b481-4160-9647-c73a18d57da0",
        "type": "message",
        "text": "Btw is anyone free on Monday to meet up just so i can check the OSSIM",
        "user": "UQR64SYF8",
        "ts": "1576186072.001000",
        "team": "TNN3BM5N1",
        "user_team": "TNN3BM5N1",
        "source_team": "TNN3BM5N1",
        "user_profile": {
            "avatar_hash": "g5c4285254ac",
            "image_72": "https:\/\/secure.gravatar.com\/avatar\/5c4285254ac716544400a92a2a2d6ee6.jpg?s=72&d=https%3A%2F%2Fa.slack-edge.com%2Fdf10d%2Fimg%2Favatars%2Fava_0003-72.png",
            "first_name": "",
            "real_name": "Vishal Patel",
            "display_name": "",
            "team": "TNN3BM5N1",
            "name": "vnp28",
            "is_restricted": false,
            "is_ultra_restricted": false
        },
        "blocks": [
            {
                "type": "rich_text",
                "block_id": "m48B",
                "elements": [
                    {
                        "type": "rich_text_section",
                        "elements": [
                            {
                                "type": "text",
                                "text": "Btw is anyone free on Monday to meet up just so i can check the OSSIM"
                            }
                        ]
                    }
                ]
            }
        ]
    },
    {
        "client_msg_id": "67A961CE-0399-41E9-A6B1-2A01FD5A5A84",
        "type": "message",
        "text": "I am, but you need the router I’m sure. ",
        "user": "UNFLCPZHP",
        "ts": "1576186091.001400",
        "team": "TNN3BM5N1",
        "user_team": "TNN3BM5N1",
        "source_team": "TNN3BM5N1",
        "user_profile": {
            "avatar_hash": "6ef87ac1f6e9",
            "image_72": "https:\/\/avatars.slack-edge.com\/2019-09-24\/773662685239_6ef87ac1f6e98ace1477_72.png",
            "first_name": "Michael",
            "real_name": "Michael DeMeo",
            "display_name": "",
            "team": "TNN3BM5N1",
            "name": "md458",
            "is_restricted": false,
            "is_ultra_restricted": false
        },
        "blocks": [
            {
                "type": "rich_text",
                "block_id": "of58Z",
                "elements": [
                    {
                        "type": "rich_text_section",
                        "elements": [
                            {
                                "type": "text",
                                "text": "I am, but you need the router I’m sure. "
                            }
                        ]
                    }
                ]
            }
        ]
    },
    {
        "client_msg_id": "65660963-dc77-4c2b-b188-82bc5dd10135",
        "type": "message",
        "text": "Yea that too i guess we can just check Tuesday",
        "user": "UQR64SYF8",
        "ts": "1576186114.002000",
        "team": "TNN3BM5N1",
        "user_team": "TNN3BM5N1",
        "source_team": "TNN3BM5N1",
        "user_profile": {
            "avatar_hash": "g5c4285254ac",
            "image_72": "https:\/\/secure.gravatar.com\/avatar\/5c4285254ac716544400a92a2a2d6ee6.jpg?s=72&d=https%3A%2F%2Fa.slack-edge.com%2Fdf10d%2Fimg%2Favatars%2Fava_0003-72.png",
            "first_name": "",
            "real_name": "Vishal Patel",
            "display_name": "",
            "team": "TNN3BM5N1",
            "name": "vnp28",
            "is_restricted": false,
            "is_ultra_restricted": false
        },
        "blocks": [
            {
                "type": "rich_text",
                "block_id": "YOeT",
                "elements": [
                    {
                        "type": "rich_text_section",
                        "elements": [
                            {
                                "type": "text",
                                "text": "Yea that too i guess we can just check Tuesday"
                            }
                        ]
                    }
                ]
            }
        ]
    },
    {
        "client_msg_id": "FAFE6A09-69EC-4604-8600-C1A2C8A2853C",
        "type": "message",
        "text": "Just please work on documentation ",
        "user": "UNFLCPZHP",
        "ts": "1576186132.002300",
        "team": "TNN3BM5N1",
        "user_team": "TNN3BM5N1",
        "source_team": "TNN3BM5N1",
        "user_profile": {
            "avatar_hash": "6ef87ac1f6e9",
            "image_72": "https:\/\/avatars.slack-edge.com\/2019-09-24\/773662685239_6ef87ac1f6e98ace1477_72.png",
            "first_name": "Michael",
            "real_name": "Michael DeMeo",
            "display_name": "",
            "team": "TNN3BM5N1",
            "name": "md458",
            "is_restricted": false,
            "is_ultra_restricted": false
        },
        "blocks": [
            {
                "type": "rich_text",
                "block_id": "wIF",
                "elements": [
                    {
                        "type": "rich_text_section",
                        "elements": [
                            {
                                "type": "text",
                                "text": "Just please work on documentation "
                            }
                        ]
                    }
                ]
            }
        ]
    }
]