[
    {
        "client_msg_id": "B71F6D5B-5D2E-4DE5-B626-CF6B1B5BA658",
        "type": "message",
        "text": "Hey fellas, just a reminder, I won’t be in class today, this’ll be the last one I miss assuming no emergencies or anything like that happen, thank you for being so understanding ",
        "user": "UNFLCPZHP",
        "ts": "1573481108.001300",
        "team": "TNN3BM5N1",
        "user_team": "TNN3BM5N1",
        "source_team": "TNN3BM5N1",
        "user_profile": {
            "avatar_hash": "6ef87ac1f6e9",
            "image_72": "https:\/\/avatars.slack-edge.com\/2019-09-24\/773662685239_6ef87ac1f6e98ace1477_72.png",
            "first_name": "Michael",
            "real_name": "Michael DeMeo",
            "display_name": "",
            "team": "TNN3BM5N1",
            "name": "md458",
            "is_restricted": false,
            "is_ultra_restricted": false
        }
    }
]