[
    {
        "client_msg_id": "FBB5BFC6-85BA-4785-A9C4-7C799C6A7EDB",
        "type": "message",
        "text": "Genuinely, I don’t know how I’m going to run 4VM’s at once lol",
        "user": "UNFLCPZHP",
        "ts": "1574087840.000500",
        "team": "TNN3BM5N1",
        "user_team": "TNN3BM5N1",
        "source_team": "TNN3BM5N1",
        "user_profile": {
            "avatar_hash": "6ef87ac1f6e9",
            "image_72": "https:\/\/avatars.slack-edge.com\/2019-09-24\/773662685239_6ef87ac1f6e98ace1477_72.png",
            "first_name": "Michael",
            "real_name": "Michael DeMeo",
            "display_name": "",
            "team": "TNN3BM5N1",
            "name": "md458",
            "is_restricted": false,
            "is_ultra_restricted": false
        }
    },
    {
        "client_msg_id": "CA674A96-8F29-462D-B476-D1CA9873362F",
        "type": "message",
        "text": "My macbook crashed while i was creating 3rd vm :rolling_on_the_floor_laughing::rolling_on_the_floor_laughing::rolling_on_the_floor_laughing::rolling_on_the_floor_laughing::rolling_on_the_floor_laughing:",
        "user": "UNMKAJXK6",
        "ts": "1574088837.000600",
        "team": "TNN3BM5N1",
        "user_team": "TNN3BM5N1",
        "source_team": "TNN3BM5N1",
        "user_profile": {
            "avatar_hash": "g9f9137124f4",
            "image_72": "https:\/\/secure.gravatar.com\/avatar\/9f9137124f44060a0fb846f648c9561f.jpg?s=72&d=https%3A%2F%2Fa.slack-edge.com%2Fdf10d%2Fimg%2Favatars%2Fava_0026-72.png",
            "first_name": "",
            "real_name": "Het Patel",
            "display_name": "",
            "team": "TNN3BM5N1",
            "name": "hp342",
            "is_restricted": false,
            "is_ultra_restricted": false
        }
    },
    {
        "client_msg_id": "39863a72-6d7a-47e4-acb5-5d1201becc51",
        "type": "message",
        "text": "Same for me last night Het",
        "user": "UNPPN7QDT",
        "ts": "1574088855.000900",
        "team": "TNN3BM5N1",
        "user_team": "TNN3BM5N1",
        "source_team": "TNN3BM5N1",
        "user_profile": {
            "avatar_hash": "6c9fd131469b",
            "image_72": "https:\/\/avatars.slack-edge.com\/2019-09-24\/771901658133_6c9fd131469be802ae52_72.jpg",
            "first_name": "",
            "real_name": "Panchajanya Vangapandu",
            "display_name": "Panchajanya Vangapandu",
            "team": "TNN3BM5N1",
            "name": "pvangapandu.fa17",
            "is_restricted": false,
            "is_ultra_restricted": false
        }
    },
    {
        "client_msg_id": "2d7c6ff0-1f91-4bd7-8cf0-a4157bd0e44b",
        "type": "message",
        "text": "Lolol",
        "user": "UNPPN7QDT",
        "ts": "1574088859.001100",
        "team": "TNN3BM5N1",
        "user_team": "TNN3BM5N1",
        "source_team": "TNN3BM5N1",
        "user_profile": {
            "avatar_hash": "6c9fd131469b",
            "image_72": "https:\/\/avatars.slack-edge.com\/2019-09-24\/771901658133_6c9fd131469be802ae52_72.jpg",
            "first_name": "",
            "real_name": "Panchajanya Vangapandu",
            "display_name": "Panchajanya Vangapandu",
            "team": "TNN3BM5N1",
            "name": "pvangapandu.fa17",
            "is_restricted": false,
            "is_ultra_restricted": false
        }
    },
    {
        "client_msg_id": "CC8467FC-20B0-4C07-8CA3-E4F570863EEC",
        "type": "message",
        "text": "Panch you have 8 gb of ram right ",
        "user": "UNFLCPZHP",
        "ts": "1574088991.001500",
        "team": "TNN3BM5N1",
        "user_team": "TNN3BM5N1",
        "source_team": "TNN3BM5N1",
        "user_profile": {
            "avatar_hash": "6ef87ac1f6e9",
            "image_72": "https:\/\/avatars.slack-edge.com\/2019-09-24\/773662685239_6ef87ac1f6e98ace1477_72.png",
            "first_name": "Michael",
            "real_name": "Michael DeMeo",
            "display_name": "",
            "team": "TNN3BM5N1",
            "name": "md458",
            "is_restricted": false,
            "is_ultra_restricted": false
        }
    },
    {
        "client_msg_id": "02a61b30-6309-4901-8e8e-94af6ef50aa9",
        "type": "message",
        "text": "Yeah",
        "user": "UNPPN7QDT",
        "ts": "1574089323.001700",
        "team": "TNN3BM5N1",
        "user_team": "TNN3BM5N1",
        "source_team": "TNN3BM5N1",
        "user_profile": {
            "avatar_hash": "6c9fd131469b",
            "image_72": "https:\/\/avatars.slack-edge.com\/2019-09-24\/771901658133_6c9fd131469be802ae52_72.jpg",
            "first_name": "",
            "real_name": "Panchajanya Vangapandu",
            "display_name": "Panchajanya Vangapandu",
            "team": "TNN3BM5N1",
            "name": "pvangapandu.fa17",
            "is_restricted": false,
            "is_ultra_restricted": false
        }
    },
    {
        "type": "message",
        "subtype": "channel_join",
        "ts": "1574095750.000200",
        "user": "UQR64SYF8",
        "text": "<@UQR64SYF8> has joined the channel"
    },
    {
        "client_msg_id": "b2973586-1734-48b2-9bc7-571c91a44864",
        "type": "message",
        "text": "<https:\/\/www.howtogeek.com\/177621\/the-beginners-guide-to-iptables-the-linux-firewall\/>",
        "user": "UNFLCPZHP",
        "ts": "1574096985.000200",
        "team": "TNN3BM5N1",
        "user_team": "TNN3BM5N1",
        "source_team": "TNN3BM5N1",
        "user_profile": {
            "avatar_hash": "6ef87ac1f6e9",
            "image_72": "https:\/\/avatars.slack-edge.com\/2019-09-24\/773662685239_6ef87ac1f6e98ace1477_72.png",
            "first_name": "Michael",
            "real_name": "Michael DeMeo",
            "display_name": "",
            "team": "TNN3BM5N1",
            "name": "md458",
            "is_restricted": false,
            "is_ultra_restricted": false
        },
        "attachments": [
            {
                "service_name": "How-To Geek",
                "title": "The Beginner’s Guide to iptables, the Linux Firewall",
                "title_link": "https:\/\/www.howtogeek.com\/177621\/the-beginners-guide-to-iptables-the-linux-firewall\/",
                "text": "Iptables is an extremely flexible firewall utility built for Linux operating systems. Whether you’re a novice Linux geek or a system administrator, there’s probably some way that iptables can be a great use to you. Read on as we show you how to configure the most versatile Linux firewall.",
                "fallback": "How-To Geek: The Beginner’s Guide to iptables, the Linux Firewall",
                "image_url": "https:\/\/www.howtogeek.com\/thumbcache\/2\/200\/4050ed545dfb2d3aa5d6af89ab8a2e1c\/wp-content\/uploads\/2013\/12\/1-firewall.jpg",
                "from_url": "https:\/\/www.howtogeek.com\/177621\/the-beginners-guide-to-iptables-the-linux-firewall\/",
                "image_width": 650,
                "image_height": 250,
                "image_bytes": 330602,
                "service_icon": "https:\/\/www.howtogeek.com\/xapple-touch-icon.png.pagespeed.gp+jp+jw+pj+ws+js+rj+rp+rw+ri+cp+md.ic.d03ui5s13l.png",
                "id": 1,
                "original_url": "https:\/\/www.howtogeek.com\/177621\/the-beginners-guide-to-iptables-the-linux-firewall\/"
            }
        ]
    },
    {
        "client_msg_id": "943ea8e6-dcab-4a12-9971-fdaa75fd1710",
        "type": "message",
        "text": "IP Table firewall the professor mentioned",
        "user": "UNFLCPZHP",
        "ts": "1574096998.000600",
        "team": "TNN3BM5N1",
        "user_team": "TNN3BM5N1",
        "source_team": "TNN3BM5N1",
        "user_profile": {
            "avatar_hash": "6ef87ac1f6e9",
            "image_72": "https:\/\/avatars.slack-edge.com\/2019-09-24\/773662685239_6ef87ac1f6e98ace1477_72.png",
            "first_name": "Michael",
            "real_name": "Michael DeMeo",
            "display_name": "",
            "team": "TNN3BM5N1",
            "name": "md458",
            "is_restricted": false,
            "is_ultra_restricted": false
        }
    },
    {
        "client_msg_id": "c4888eb3-fddc-4602-9f36-575457291c5e",
        "type": "message",
        "text": "<https:\/\/www.alienvault.com\/documentation\/usm-appliance\/initial-setup\/ossim-installation.htm>",
        "user": "UQR64SYF8",
        "ts": "1574098428.000800",
        "team": "TNN3BM5N1",
        "user_team": "TNN3BM5N1",
        "source_team": "TNN3BM5N1",
        "user_profile": {
            "avatar_hash": "g5c4285254ac",
            "image_72": "https:\/\/secure.gravatar.com\/avatar\/5c4285254ac716544400a92a2a2d6ee6.jpg?s=72&d=https%3A%2F%2Fa.slack-edge.com%2Fdf10d%2Fimg%2Favatars%2Fava_0003-72.png",
            "first_name": "",
            "real_name": "Vishal Patel",
            "display_name": "",
            "team": "TNN3BM5N1",
            "name": "vnp28",
            "is_restricted": false,
            "is_ultra_restricted": false
        },
        "attachments": [
            {
                "title": "Installation of AlienVault OSSIM®",
                "title_link": "https:\/\/www.alienvault.com\/documentation\/usm-appliance\/initial-setup\/ossim-installation.htm",
                "text": "Information about the installation of AlienVault OSSIM®.",
                "fallback": "Installation of AlienVault OSSIM®",
                "from_url": "https:\/\/www.alienvault.com\/documentation\/usm-appliance\/initial-setup\/ossim-installation.htm",
                "service_icon": "https:\/\/www.alienvault.com\/favicon.ico",
                "service_name": "alienvault.com",
                "id": 1,
                "original_url": "https:\/\/www.alienvault.com\/documentation\/usm-appliance\/initial-setup\/ossim-installation.htm"
            }
        ]
    },
    {
        "client_msg_id": "83468385-a996-4ee0-b24a-f1e9dd617260",
        "type": "message",
        "text": "This link explains what are the VM requirements and installation process.",
        "user": "UQR64SYF8",
        "ts": "1574098511.002500",
        "team": "TNN3BM5N1",
        "user_team": "TNN3BM5N1",
        "source_team": "TNN3BM5N1",
        "user_profile": {
            "avatar_hash": "g5c4285254ac",
            "image_72": "https:\/\/secure.gravatar.com\/avatar\/5c4285254ac716544400a92a2a2d6ee6.jpg?s=72&d=https%3A%2F%2Fa.slack-edge.com%2Fdf10d%2Fimg%2Favatars%2Fava_0003-72.png",
            "first_name": "",
            "real_name": "Vishal Patel",
            "display_name": "",
            "team": "TNN3BM5N1",
            "name": "vnp28",
            "is_restricted": false,
            "is_ultra_restricted": false
        }
    }
]