[
    {
        "client_msg_id": "1017BEAC-B283-4054-8CFF-26F527FC0B34",
        "type": "message",
        "text": "I may be 5-10 minutes late, just grabbing something from VM, Haven’t eaten yet :\/",
        "user": "UNFLCPZHP",
        "ts": "1570731685.000700",
        "team": "TNN3BM5N1",
        "user_team": "TNN3BM5N1",
        "source_team": "TNN3BM5N1",
        "user_profile": {
            "avatar_hash": "6ef87ac1f6e9",
            "image_72": "https:\/\/avatars.slack-edge.com\/2019-09-24\/773662685239_6ef87ac1f6e98ace1477_72.png",
            "first_name": "Michael",
            "real_name": "Michael DeMeo",
            "display_name": "",
            "team": "TNN3BM5N1",
            "name": "md458",
            "is_restricted": false,
            "is_ultra_restricted": false
        }
    },
    {
        "client_msg_id": "b850fef1-e853-425d-96b1-471ac52aa382",
        "type": "message",
        "text": "Same, gonna grab some tb",
        "user": "UNPPN7QDT",
        "ts": "1570731704.001000",
        "team": "TNN3BM5N1",
        "user_team": "TNN3BM5N1",
        "source_team": "TNN3BM5N1",
        "user_profile": {
            "avatar_hash": "6c9fd131469b",
            "image_72": "https:\/\/avatars.slack-edge.com\/2019-09-24\/771901658133_6c9fd131469be802ae52_72.jpg",
            "first_name": "",
            "real_name": "Panchajanya Vangapandu",
            "display_name": "Panchajanya Vangapandu",
            "team": "TNN3BM5N1",
            "name": "pvangapandu.fa17",
            "is_restricted": false,
            "is_ultra_restricted": false
        }
    },
    {
        "client_msg_id": "7D30D0E2-1656-4010-83EB-2578EA29C5A8",
        "type": "message",
        "text": "On my way! ",
        "user": "UNFLCPZHP",
        "ts": "1570732572.000100",
        "team": "TNN3BM5N1",
        "user_team": "TNN3BM5N1",
        "source_team": "TNN3BM5N1",
        "user_profile": {
            "avatar_hash": "6ef87ac1f6e9",
            "image_72": "https:\/\/avatars.slack-edge.com\/2019-09-24\/773662685239_6ef87ac1f6e98ace1477_72.png",
            "first_name": "Michael",
            "real_name": "Michael DeMeo",
            "display_name": "",
            "team": "TNN3BM5N1",
            "name": "md458",
            "is_restricted": false,
            "is_ultra_restricted": false
        }
    },
    {
        "client_msg_id": "80ab076f-58b5-4d67-a039-ce193be2aacf",
        "type": "message",
        "text": "Same",
        "user": "UNPPN7QDT",
        "ts": "1570732596.000300",
        "team": "TNN3BM5N1",
        "user_team": "TNN3BM5N1",
        "source_team": "TNN3BM5N1",
        "user_profile": {
            "avatar_hash": "6c9fd131469b",
            "image_72": "https:\/\/avatars.slack-edge.com\/2019-09-24\/771901658133_6c9fd131469be802ae52_72.jpg",
            "first_name": "",
            "real_name": "Panchajanya Vangapandu",
            "display_name": "Panchajanya Vangapandu",
            "team": "TNN3BM5N1",
            "name": "pvangapandu.fa17",
            "is_restricted": false,
            "is_ultra_restricted": false
        }
    },
    {
        "client_msg_id": "48F8B24D-A5C9-45D6-911B-09172600B845",
        "type": "message",
        "text": "No tables are available at lib second floor",
        "user": "UNMKAJXK6",
        "ts": "1570732685.000800",
        "team": "TNN3BM5N1",
        "user_team": "TNN3BM5N1",
        "source_team": "TNN3BM5N1",
        "user_profile": {
            "avatar_hash": "g9f9137124f4",
            "image_72": "https:\/\/secure.gravatar.com\/avatar\/9f9137124f44060a0fb846f648c9561f.jpg?s=72&d=https%3A%2F%2Fa.slack-edge.com%2Fdf10d%2Fimg%2Favatars%2Fava_0026-72.png",
            "first_name": "",
            "real_name": "Het Patel",
            "display_name": "",
            "team": "TNN3BM5N1",
            "name": "hp342",
            "is_restricted": false,
            "is_ultra_restricted": false
        }
    },
    {
        "client_msg_id": "7ED2FAEF-1CE8-45C8-B7F3-10B5C3E02869",
        "type": "message",
        "text": "Are there any other tables ?",
        "user": "UNFLCPZHP",
        "ts": "1570732722.001100",
        "team": "TNN3BM5N1",
        "user_team": "TNN3BM5N1",
        "source_team": "TNN3BM5N1",
        "user_profile": {
            "avatar_hash": "6ef87ac1f6e9",
            "image_72": "https:\/\/avatars.slack-edge.com\/2019-09-24\/773662685239_6ef87ac1f6e98ace1477_72.png",
            "first_name": "Michael",
            "real_name": "Michael DeMeo",
            "display_name": "",
            "team": "TNN3BM5N1",
            "name": "md458",
            "is_restricted": false,
            "is_ultra_restricted": false
        }
    }
]