[
    {
        "type": "message",
        "text": "",
        "files": [
            {
                "id": "FNCDJ1MR9",
                "created": 1569357157,
                "timestamp": 1569357157,
                "name": "Image from iOS.jpg",
                "title": "Image from iOS",
                "mimetype": "image\/jpeg",
                "filetype": "jpg",
                "pretty_type": "JPEG",
                "user": "UNMKAJXK6",
                "editable": false,
                "size": 1468098,
                "mode": "hosted",
                "is_external": false,
                "external_type": "",
                "is_public": true,
                "public_url_shared": false,
                "display_as_bot": false,
                "username": "",
                "url_private": "https:\/\/files.slack.com\/files-pri\/TNN3BM5N1-FNCDJ1MR9\/image_from_ios.jpg?t=xoxe-770113719749-880564765509-870300588593-7f6ea6811a916e6a8a2763f11163aa02",
                "url_private_download": "https:\/\/files.slack.com\/files-pri\/TNN3BM5N1-FNCDJ1MR9\/download\/image_from_ios.jpg?t=xoxe-770113719749-880564765509-870300588593-7f6ea6811a916e6a8a2763f11163aa02",
                "thumb_64": "https:\/\/files.slack.com\/files-tmb\/TNN3BM5N1-FNCDJ1MR9-81638dccf6\/image_from_ios_64.jpg?t=xoxe-770113719749-880564765509-870300588593-7f6ea6811a916e6a8a2763f11163aa02",
                "thumb_80": "https:\/\/files.slack.com\/files-tmb\/TNN3BM5N1-FNCDJ1MR9-81638dccf6\/image_from_ios_80.jpg?t=xoxe-770113719749-880564765509-870300588593-7f6ea6811a916e6a8a2763f11163aa02",
                "thumb_360": "https:\/\/files.slack.com\/files-tmb\/TNN3BM5N1-FNCDJ1MR9-81638dccf6\/image_from_ios_360.jpg?t=xoxe-770113719749-880564765509-870300588593-7f6ea6811a916e6a8a2763f11163aa02",
                "thumb_360_w": 270,
                "thumb_360_h": 360,
                "thumb_480": "https:\/\/files.slack.com\/files-tmb\/TNN3BM5N1-FNCDJ1MR9-81638dccf6\/image_from_ios_480.jpg?t=xoxe-770113719749-880564765509-870300588593-7f6ea6811a916e6a8a2763f11163aa02",
                "thumb_480_w": 360,
                "thumb_480_h": 480,
                "thumb_160": "https:\/\/files.slack.com\/files-tmb\/TNN3BM5N1-FNCDJ1MR9-81638dccf6\/image_from_ios_160.jpg?t=xoxe-770113719749-880564765509-870300588593-7f6ea6811a916e6a8a2763f11163aa02",
                "thumb_720": "https:\/\/files.slack.com\/files-tmb\/TNN3BM5N1-FNCDJ1MR9-81638dccf6\/image_from_ios_720.jpg?t=xoxe-770113719749-880564765509-870300588593-7f6ea6811a916e6a8a2763f11163aa02",
                "thumb_720_w": 540,
                "thumb_720_h": 720,
                "thumb_800": "https:\/\/files.slack.com\/files-tmb\/TNN3BM5N1-FNCDJ1MR9-81638dccf6\/image_from_ios_800.jpg?t=xoxe-770113719749-880564765509-870300588593-7f6ea6811a916e6a8a2763f11163aa02",
                "thumb_800_w": 800,
                "thumb_800_h": 1067,
                "thumb_960": "https:\/\/files.slack.com\/files-tmb\/TNN3BM5N1-FNCDJ1MR9-81638dccf6\/image_from_ios_960.jpg?t=xoxe-770113719749-880564765509-870300588593-7f6ea6811a916e6a8a2763f11163aa02",
                "thumb_960_w": 720,
                "thumb_960_h": 960,
                "thumb_1024": "https:\/\/files.slack.com\/files-tmb\/TNN3BM5N1-FNCDJ1MR9-81638dccf6\/image_from_ios_1024.jpg?t=xoxe-770113719749-880564765509-870300588593-7f6ea6811a916e6a8a2763f11163aa02",
                "thumb_1024_w": 768,
                "thumb_1024_h": 1024,
                "image_exif_rotation": 6,
                "original_w": 4032,
                "original_h": 3024,
                "permalink": "https:\/\/it490team.slack.com\/files\/UNMKAJXK6\/FNCDJ1MR9\/image_from_ios.jpg",
                "permalink_public": "https:\/\/slack-files.com\/TNN3BM5N1-FNCDJ1MR9-491c536fac",
                "is_starred": false,
                "has_rich_preview": false
            }
        ],
        "upload": false,
        "user": "UNFLCPZHP",
        "display_as_bot": false,
        "ts": "1571069877.000100"
    },
    {
        "client_msg_id": "d04c6f2f-1eb5-4e6c-895d-67daf83b3c2d",
        "type": "message",
        "text": "<https:\/\/rapidapi.com\/imdb\/api\/movie-database-imdb-alternative?endpoint=apiendpoint_4585dc5d-1e30-478f-af65-4ea2bc5357a3>",
        "user": "UNPPN7QDT",
        "ts": "1571072742.000200",
        "team": "TNN3BM5N1",
        "user_team": "TNN3BM5N1",
        "source_team": "TNN3BM5N1",
        "user_profile": {
            "avatar_hash": "6c9fd131469b",
            "image_72": "https:\/\/avatars.slack-edge.com\/2019-09-24\/771901658133_6c9fd131469be802ae52_72.jpg",
            "first_name": "",
            "real_name": "Panchajanya Vangapandu",
            "display_name": "Panchajanya Vangapandu",
            "team": "TNN3BM5N1",
            "name": "pvangapandu.fa17",
            "is_restricted": false,
            "is_ultra_restricted": false
        }
    },
    {
        "client_msg_id": "454b1d94-0749-4c16-aa99-3c7d389f69d3",
        "type": "message",
        "text": "Shit, I left the router in 15 <@UNN3G91A9>",
        "user": "UNPPN7QDT",
        "ts": "1571075474.000400",
        "team": "TNN3BM5N1",
        "user_team": "TNN3BM5N1",
        "source_team": "TNN3BM5N1",
        "user_profile": {
            "avatar_hash": "6c9fd131469b",
            "image_72": "https:\/\/avatars.slack-edge.com\/2019-09-24\/771901658133_6c9fd131469be802ae52_72.jpg",
            "first_name": "",
            "real_name": "Panchajanya Vangapandu",
            "display_name": "Panchajanya Vangapandu",
            "team": "TNN3BM5N1",
            "name": "pvangapandu.fa17",
            "is_restricted": false,
            "is_ultra_restricted": false
        }
    },
    {
        "client_msg_id": "1fac58e5-a57c-4b30-8593-4f6479c33520",
        "type": "message",
        "text": "Can one of your bros let me in so I can get it?",
        "user": "UNPPN7QDT",
        "ts": "1571075487.000900",
        "team": "TNN3BM5N1",
        "user_team": "TNN3BM5N1",
        "source_team": "TNN3BM5N1",
        "user_profile": {
            "avatar_hash": "6c9fd131469b",
            "image_72": "https:\/\/avatars.slack-edge.com\/2019-09-24\/771901658133_6c9fd131469be802ae52_72.jpg",
            "first_name": "",
            "real_name": "Panchajanya Vangapandu",
            "display_name": "Panchajanya Vangapandu",
            "team": "TNN3BM5N1",
            "name": "pvangapandu.fa17",
            "is_restricted": false,
            "is_ultra_restricted": false
        }
    },
    {
        "client_msg_id": "d72c8398-9510-48c7-b6cb-55e849945539",
        "type": "message",
        "text": "Damn I'm going to make a terrible parent",
        "user": "UNPPN7QDT",
        "ts": "1571075497.001300",
        "team": "TNN3BM5N1",
        "user_team": "TNN3BM5N1",
        "source_team": "TNN3BM5N1",
        "user_profile": {
            "avatar_hash": "6c9fd131469b",
            "image_72": "https:\/\/avatars.slack-edge.com\/2019-09-24\/771901658133_6c9fd131469be802ae52_72.jpg",
            "first_name": "",
            "real_name": "Panchajanya Vangapandu",
            "display_name": "Panchajanya Vangapandu",
            "team": "TNN3BM5N1",
            "name": "pvangapandu.fa17",
            "is_restricted": false,
            "is_ultra_restricted": false
        }
    },
    {
        "client_msg_id": "CD3A2B4D-A07D-4CD0-8A19-EB5A8346F5AD",
        "type": "message",
        "text": "i took care of it",
        "user": "UNN3G91A9",
        "ts": "1571075504.001700",
        "team": "TNN3BM5N1",
        "user_team": "TNN3BM5N1",
        "source_team": "TNN3BM5N1",
        "user_profile": {
            "avatar_hash": "gaa567b03c43",
            "image_72": "https:\/\/secure.gravatar.com\/avatar\/aa567b03c43d16fe9862dd1fddf1112c.jpg?s=72&d=https%3A%2F%2Fa.slack-edge.com%2Fdf10d%2Fimg%2Favatars%2Fava_0008-72.png",
            "first_name": "",
            "real_name": "Todd Murphy",
            "display_name": "Todd Murphy",
            "team": "TNN3BM5N1",
            "name": "tam44",
            "is_restricted": false,
            "is_ultra_restricted": false
        }
    },
    {
        "client_msg_id": "ec9a4095-1043-41f9-b823-46ba7bc373a1",
        "type": "message",
        "text": "Okay thank you",
        "user": "UNPPN7QDT",
        "ts": "1571075515.002100",
        "team": "TNN3BM5N1",
        "user_team": "TNN3BM5N1",
        "source_team": "TNN3BM5N1",
        "user_profile": {
            "avatar_hash": "6c9fd131469b",
            "image_72": "https:\/\/avatars.slack-edge.com\/2019-09-24\/771901658133_6c9fd131469be802ae52_72.jpg",
            "first_name": "",
            "real_name": "Panchajanya Vangapandu",
            "display_name": "Panchajanya Vangapandu",
            "team": "TNN3BM5N1",
            "name": "pvangapandu.fa17",
            "is_restricted": false,
            "is_ultra_restricted": false
        }
    },
    {
        "client_msg_id": "99720b19-eee9-4b30-a30e-4ee2d8069f24",
        "type": "message",
        "text": "My bad",
        "user": "UNPPN7QDT",
        "ts": "1571075521.002400",
        "team": "TNN3BM5N1",
        "user_team": "TNN3BM5N1",
        "source_team": "TNN3BM5N1",
        "user_profile": {
            "avatar_hash": "6c9fd131469b",
            "image_72": "https:\/\/avatars.slack-edge.com\/2019-09-24\/771901658133_6c9fd131469be802ae52_72.jpg",
            "first_name": "",
            "real_name": "Panchajanya Vangapandu",
            "display_name": "Panchajanya Vangapandu",
            "team": "TNN3BM5N1",
            "name": "pvangapandu.fa17",
            "is_restricted": false,
            "is_ultra_restricted": false
        }
    },
    {
        "client_msg_id": "D96CF2B5-F9D0-40FF-8146-9F8A1B67EAAC",
        "type": "message",
        "text": "Lol can you see I starred that ",
        "user": "UNFLCPZHP",
        "ts": "1571075529.002800",
        "team": "TNN3BM5N1",
        "user_team": "TNN3BM5N1",
        "source_team": "TNN3BM5N1",
        "user_profile": {
            "avatar_hash": "6ef87ac1f6e9",
            "image_72": "https:\/\/avatars.slack-edge.com\/2019-09-24\/773662685239_6ef87ac1f6e98ace1477_72.png",
            "first_name": "Michael",
            "real_name": "Michael DeMeo",
            "display_name": "",
            "team": "TNN3BM5N1",
            "name": "md458",
            "is_restricted": false,
            "is_ultra_restricted": false
        }
    },
    {
        "type": "message",
        "text": "",
        "files": [
            {
                "id": "FPELJB6MD",
                "created": 1571075546,
                "timestamp": 1571075546,
                "name": "Image from iOS.png",
                "title": "Image from iOS",
                "mimetype": "image\/png",
                "filetype": "png",
                "pretty_type": "PNG",
                "user": "UNFLCPZHP",
                "editable": false,
                "size": 949248,
                "mode": "hosted",
                "is_external": false,
                "external_type": "",
                "is_public": true,
                "public_url_shared": false,
                "display_as_bot": false,
                "username": "",
                "url_private": "https:\/\/files.slack.com\/files-pri\/TNN3BM5N1-FPELJB6MD\/image_from_ios.png?t=xoxe-770113719749-880564765509-870300588593-7f6ea6811a916e6a8a2763f11163aa02",
                "url_private_download": "https:\/\/files.slack.com\/files-pri\/TNN3BM5N1-FPELJB6MD\/download\/image_from_ios.png?t=xoxe-770113719749-880564765509-870300588593-7f6ea6811a916e6a8a2763f11163aa02",
                "thumb_64": "https:\/\/files.slack.com\/files-tmb\/TNN3BM5N1-FPELJB6MD-44f53bacce\/image_from_ios_64.png?t=xoxe-770113719749-880564765509-870300588593-7f6ea6811a916e6a8a2763f11163aa02",
                "thumb_80": "https:\/\/files.slack.com\/files-tmb\/TNN3BM5N1-FPELJB6MD-44f53bacce\/image_from_ios_80.png?t=xoxe-770113719749-880564765509-870300588593-7f6ea6811a916e6a8a2763f11163aa02",
                "thumb_360": "https:\/\/files.slack.com\/files-tmb\/TNN3BM5N1-FPELJB6MD-44f53bacce\/image_from_ios_360.png?t=xoxe-770113719749-880564765509-870300588593-7f6ea6811a916e6a8a2763f11163aa02",
                "thumb_360_w": 166,
                "thumb_360_h": 360,
                "thumb_480": "https:\/\/files.slack.com\/files-tmb\/TNN3BM5N1-FPELJB6MD-44f53bacce\/image_from_ios_480.png?t=xoxe-770113719749-880564765509-870300588593-7f6ea6811a916e6a8a2763f11163aa02",
                "thumb_480_w": 222,
                "thumb_480_h": 480,
                "thumb_160": "https:\/\/files.slack.com\/files-tmb\/TNN3BM5N1-FPELJB6MD-44f53bacce\/image_from_ios_160.png?t=xoxe-770113719749-880564765509-870300588593-7f6ea6811a916e6a8a2763f11163aa02",
                "thumb_720": "https:\/\/files.slack.com\/files-tmb\/TNN3BM5N1-FPELJB6MD-44f53bacce\/image_from_ios_720.png?t=xoxe-770113719749-880564765509-870300588593-7f6ea6811a916e6a8a2763f11163aa02",
                "thumb_720_w": 333,
                "thumb_720_h": 720,
                "thumb_800": "https:\/\/files.slack.com\/files-tmb\/TNN3BM5N1-FPELJB6MD-44f53bacce\/image_from_ios_800.png?t=xoxe-770113719749-880564765509-870300588593-7f6ea6811a916e6a8a2763f11163aa02",
                "thumb_800_w": 800,
                "thumb_800_h": 1732,
                "thumb_960": "https:\/\/files.slack.com\/files-tmb\/TNN3BM5N1-FPELJB6MD-44f53bacce\/image_from_ios_960.png?t=xoxe-770113719749-880564765509-870300588593-7f6ea6811a916e6a8a2763f11163aa02",
                "thumb_960_w": 443,
                "thumb_960_h": 960,
                "thumb_1024": "https:\/\/files.slack.com\/files-tmb\/TNN3BM5N1-FPELJB6MD-44f53bacce\/image_from_ios_1024.png?t=xoxe-770113719749-880564765509-870300588593-7f6ea6811a916e6a8a2763f11163aa02",
                "thumb_1024_w": 473,
                "thumb_1024_h": 1024,
                "image_exif_rotation": 1,
                "original_w": 1125,
                "original_h": 2436,
                "thumb_tiny": "AwAwABahkY70maeNp7fmaCF9KAEPSkxRRQA4Aep\/KjaPf8qeVC8HHTPBppKDtQA0jFJTsr6UZX0oAXBH8IFIc+g\/Kko2sOxoASijiigD\/9k=",
                "permalink": "https:\/\/it490team.slack.com\/files\/UNFLCPZHP\/FPELJB6MD\/image_from_ios.png",
                "permalink_public": "https:\/\/slack-files.com\/TNN3BM5N1-FPELJB6MD-fc0daf9f47",
                "is_starred": false,
                "has_rich_preview": false
            }
        ],
        "upload": true,
        "user": "UNFLCPZHP",
        "display_as_bot": false,
        "ts": "1571075550.002900",
        "client_msg_id": "F2E93F44-28E3-4B4E-AFFD-B7D1F28763D9"
    },
    {
        "client_msg_id": "d8d9ee46-402e-42c3-abe7-e7c5b5e4ee52",
        "type": "message",
        "text": "Lol I can't see it",
        "user": "UNPPN7QDT",
        "ts": "1571075559.003300",
        "team": "TNN3BM5N1",
        "user_team": "TNN3BM5N1",
        "source_team": "TNN3BM5N1",
        "user_profile": {
            "avatar_hash": "6c9fd131469b",
            "image_72": "https:\/\/avatars.slack-edge.com\/2019-09-24\/771901658133_6c9fd131469be802ae52_72.jpg",
            "first_name": "",
            "real_name": "Panchajanya Vangapandu",
            "display_name": "Panchajanya Vangapandu",
            "team": "TNN3BM5N1",
            "name": "pvangapandu.fa17",
            "is_restricted": false,
            "is_ultra_restricted": false
        }
    },
    {
        "type": "message",
        "text": "alright fellas, we need to have our stuff done in two weeks",
        "files": [
            {
                "id": "FP6MTKUG1",
                "created": 1571094679,
                "timestamp": 1571094679,
                "name": "image.png",
                "title": "image.png",
                "mimetype": "image\/png",
                "filetype": "png",
                "pretty_type": "PNG",
                "user": "UNFLCPZHP",
                "editable": false,
                "size": 53836,
                "mode": "hosted",
                "is_external": false,
                "external_type": "",
                "is_public": true,
                "public_url_shared": false,
                "display_as_bot": false,
                "username": "",
                "url_private": "https:\/\/files.slack.com\/files-pri\/TNN3BM5N1-FP6MTKUG1\/image.png?t=xoxe-770113719749-880564765509-870300588593-7f6ea6811a916e6a8a2763f11163aa02",
                "url_private_download": "https:\/\/files.slack.com\/files-pri\/TNN3BM5N1-FP6MTKUG1\/download\/image.png?t=xoxe-770113719749-880564765509-870300588593-7f6ea6811a916e6a8a2763f11163aa02",
                "thumb_64": "https:\/\/files.slack.com\/files-tmb\/TNN3BM5N1-FP6MTKUG1-b1ab85f562\/image_64.png?t=xoxe-770113719749-880564765509-870300588593-7f6ea6811a916e6a8a2763f11163aa02",
                "thumb_80": "https:\/\/files.slack.com\/files-tmb\/TNN3BM5N1-FP6MTKUG1-b1ab85f562\/image_80.png?t=xoxe-770113719749-880564765509-870300588593-7f6ea6811a916e6a8a2763f11163aa02",
                "thumb_360": "https:\/\/files.slack.com\/files-tmb\/TNN3BM5N1-FP6MTKUG1-b1ab85f562\/image_360.png?t=xoxe-770113719749-880564765509-870300588593-7f6ea6811a916e6a8a2763f11163aa02",
                "thumb_360_w": 360,
                "thumb_360_h": 231,
                "thumb_480": "https:\/\/files.slack.com\/files-tmb\/TNN3BM5N1-FP6MTKUG1-b1ab85f562\/image_480.png?t=xoxe-770113719749-880564765509-870300588593-7f6ea6811a916e6a8a2763f11163aa02",
                "thumb_480_w": 480,
                "thumb_480_h": 308,
                "thumb_160": "https:\/\/files.slack.com\/files-tmb\/TNN3BM5N1-FP6MTKUG1-b1ab85f562\/image_160.png?t=xoxe-770113719749-880564765509-870300588593-7f6ea6811a916e6a8a2763f11163aa02",
                "thumb_720": "https:\/\/files.slack.com\/files-tmb\/TNN3BM5N1-FP6MTKUG1-b1ab85f562\/image_720.png?t=xoxe-770113719749-880564765509-870300588593-7f6ea6811a916e6a8a2763f11163aa02",
                "thumb_720_w": 720,
                "thumb_720_h": 462,
                "thumb_800": "https:\/\/files.slack.com\/files-tmb\/TNN3BM5N1-FP6MTKUG1-b1ab85f562\/image_800.png?t=xoxe-770113719749-880564765509-870300588593-7f6ea6811a916e6a8a2763f11163aa02",
                "thumb_800_w": 800,
                "thumb_800_h": 514,
                "image_exif_rotation": 1,
                "original_w": 802,
                "original_h": 515,
                "thumb_tiny": "AwAeADDRckYxjr3ozz1FK3ApuTQA7I9RS0zml596AHUU3\/vqnUAI3Sm\/iPzpxGe9GPc0AN\/EfnSjHc\/rS49zRj3NABgf5NLjFJj3NAHuaAP\/2Q==",
                "permalink": "https:\/\/it490team.slack.com\/files\/UNFLCPZHP\/FP6MTKUG1\/image.png",
                "permalink_public": "https:\/\/slack-files.com\/TNN3BM5N1-FP6MTKUG1-49bc0441a3",
                "is_starred": false,
                "has_rich_preview": false
            }
        ],
        "upload": true,
        "user": "UNFLCPZHP",
        "display_as_bot": false,
        "ts": "1571094681.000100",
        "client_msg_id": "8accb448-f2a5-4259-ba14-73d549374d67",
        "reactions": [
            {
                "name": "cry",
                "users": [
                    "UNPPN7QDT"
                ],
                "count": 1
            }
        ]
    },
    {
        "client_msg_id": "63132F83-D9B0-4D0F-8C85-6BEFCAFABD51",
        "type": "message",
        "text": "Worked on the user profile page and create account page, it actually validated that it’s an email being put in, all is updated with master ",
        "user": "UNFLCPZHP",
        "ts": "1571104177.000200",
        "team": "TNN3BM5N1",
        "user_team": "TNN3BM5N1",
        "source_team": "TNN3BM5N1",
        "user_profile": {
            "avatar_hash": "6ef87ac1f6e9",
            "image_72": "https:\/\/avatars.slack-edge.com\/2019-09-24\/773662685239_6ef87ac1f6e98ace1477_72.png",
            "first_name": "Michael",
            "real_name": "Michael DeMeo",
            "display_name": "",
            "team": "TNN3BM5N1",
            "name": "md458",
            "is_restricted": false,
            "is_ultra_restricted": false
        }
    }
]