[
    {
        "client_msg_id": "76DA62BF-11F4-4A4A-A477-5FB8A67D835A",
        "type": "message",
        "text": "Hey guys, \nAre we meeting at 10am or 11.30am tomorrow ? ",
        "user": "UNMKAJXK6",
        "ts": "1575236322.000800",
        "team": "TNN3BM5N1",
        "user_team": "TNN3BM5N1",
        "source_team": "TNN3BM5N1",
        "user_profile": {
            "avatar_hash": "g9f9137124f4",
            "image_72": "https:\/\/secure.gravatar.com\/avatar\/9f9137124f44060a0fb846f648c9561f.jpg?s=72&d=https%3A%2F%2Fa.slack-edge.com%2Fdf10d%2Fimg%2Favatars%2Fava_0026-72.png",
            "first_name": "",
            "real_name": "Het Patel",
            "display_name": "",
            "team": "TNN3BM5N1",
            "name": "hp342",
            "is_restricted": false,
            "is_ultra_restricted": false
        }
    },
    {
        "client_msg_id": "610b0080-ebad-4f73-9b1b-51c2b9e32e14",
        "type": "message",
        "text": "Let's meet at 10 as agreed",
        "user": "UNPPN7QDT",
        "ts": "1575236492.001100",
        "team": "TNN3BM5N1",
        "user_team": "TNN3BM5N1",
        "source_team": "TNN3BM5N1",
        "user_profile": {
            "avatar_hash": "6c9fd131469b",
            "image_72": "https:\/\/avatars.slack-edge.com\/2019-09-24\/771901658133_6c9fd131469be802ae52_72.jpg",
            "first_name": "",
            "real_name": "Panchajanya Vangapandu",
            "display_name": "Panchajanya Vangapandu",
            "team": "TNN3BM5N1",
            "name": "pvangapandu.fa17",
            "is_restricted": false,
            "is_ultra_restricted": false
        },
        "blocks": [
            {
                "type": "rich_text",
                "block_id": "ndc",
                "elements": [
                    {
                        "type": "rich_text_section",
                        "elements": [
                            {
                                "type": "text",
                                "text": "Let's meet at 10 as agreed"
                            }
                        ]
                    }
                ]
            }
        ],
        "reactions": [
            {
                "name": "+1",
                "users": [
                    "UNMKAJXK6"
                ],
                "count": 1
            }
        ]
    },
    {
        "client_msg_id": "7cfb44fd-7441-44a4-a2c5-ab498de304c0",
        "type": "message",
        "text": "Also guys, full disclosure, I wasn't able to get the Hot Standby machine for the production server working, I did a lot of research over the weekend, but no luck",
        "user": "UNPPN7QDT",
        "ts": "1575236601.003100",
        "team": "TNN3BM5N1",
        "user_team": "TNN3BM5N1",
        "source_team": "TNN3BM5N1",
        "user_profile": {
            "avatar_hash": "6c9fd131469b",
            "image_72": "https:\/\/avatars.slack-edge.com\/2019-09-24\/771901658133_6c9fd131469be802ae52_72.jpg",
            "first_name": "",
            "real_name": "Panchajanya Vangapandu",
            "display_name": "Panchajanya Vangapandu",
            "team": "TNN3BM5N1",
            "name": "pvangapandu.fa17",
            "is_restricted": false,
            "is_ultra_restricted": false
        },
        "blocks": [
            {
                "type": "rich_text",
                "block_id": "EpH",
                "elements": [
                    {
                        "type": "rich_text_section",
                        "elements": [
                            {
                                "type": "text",
                                "text": "Also guys, full disclosure, I wasn't able to get the Hot Standby machine for the production server working, I did a lot of research over the weekend, but no luck"
                            }
                        ]
                    }
                ]
            }
        ]
    },
    {
        "client_msg_id": "11bcf60f-4a90-43c8-917a-8ea54f8c3cb8",
        "type": "message",
        "text": "I'm going to keep looking and trying tn",
        "user": "UNPPN7QDT",
        "ts": "1575236612.003500",
        "team": "TNN3BM5N1",
        "user_team": "TNN3BM5N1",
        "source_team": "TNN3BM5N1",
        "user_profile": {
            "avatar_hash": "6c9fd131469b",
            "image_72": "https:\/\/avatars.slack-edge.com\/2019-09-24\/771901658133_6c9fd131469be802ae52_72.jpg",
            "first_name": "",
            "real_name": "Panchajanya Vangapandu",
            "display_name": "Panchajanya Vangapandu",
            "team": "TNN3BM5N1",
            "name": "pvangapandu.fa17",
            "is_restricted": false,
            "is_ultra_restricted": false
        },
        "blocks": [
            {
                "type": "rich_text",
                "block_id": "RtTk9",
                "elements": [
                    {
                        "type": "rich_text_section",
                        "elements": [
                            {
                                "type": "text",
                                "text": "I'm going to keep looking and trying tn"
                            }
                        ]
                    }
                ]
            }
        ]
    },
    {
        "client_msg_id": "bd42937a-dc6a-477b-acf6-a47240a00de1",
        "type": "message",
        "text": "And tomorrow",
        "user": "UNPPN7QDT",
        "ts": "1575236614.003700",
        "team": "TNN3BM5N1",
        "user_team": "TNN3BM5N1",
        "source_team": "TNN3BM5N1",
        "user_profile": {
            "avatar_hash": "6c9fd131469b",
            "image_72": "https:\/\/avatars.slack-edge.com\/2019-09-24\/771901658133_6c9fd131469be802ae52_72.jpg",
            "first_name": "",
            "real_name": "Panchajanya Vangapandu",
            "display_name": "Panchajanya Vangapandu",
            "team": "TNN3BM5N1",
            "name": "pvangapandu.fa17",
            "is_restricted": false,
            "is_ultra_restricted": false
        },
        "blocks": [
            {
                "type": "rich_text",
                "block_id": "1bZc",
                "elements": [
                    {
                        "type": "rich_text_section",
                        "elements": [
                            {
                                "type": "text",
                                "text": "And tomorrow"
                            }
                        ]
                    }
                ]
            }
        ]
    },
    {
        "client_msg_id": "f64cc897-04d4-423c-aab0-18448d0a08fc",
        "type": "message",
        "text": "But if you guys have any leads\/ideas on how it might be solved, please lmk",
        "user": "UNPPN7QDT",
        "ts": "1575236635.004300",
        "team": "TNN3BM5N1",
        "user_team": "TNN3BM5N1",
        "source_team": "TNN3BM5N1",
        "user_profile": {
            "avatar_hash": "6c9fd131469b",
            "image_72": "https:\/\/avatars.slack-edge.com\/2019-09-24\/771901658133_6c9fd131469be802ae52_72.jpg",
            "first_name": "",
            "real_name": "Panchajanya Vangapandu",
            "display_name": "Panchajanya Vangapandu",
            "team": "TNN3BM5N1",
            "name": "pvangapandu.fa17",
            "is_restricted": false,
            "is_ultra_restricted": false
        },
        "blocks": [
            {
                "type": "rich_text",
                "block_id": "Rwcz",
                "elements": [
                    {
                        "type": "rich_text_section",
                        "elements": [
                            {
                                "type": "text",
                                "text": "But if you guys have any leads\/ideas on how it might be solved, please lmk"
                            }
                        ]
                    }
                ]
            }
        ]
    },
    {
        "client_msg_id": "A56AF78D-FB08-465F-8512-AD879D9E7B27",
        "type": "message",
        "text": "I’ll ask around, just know the only thing that really needs to be done soon is the deployment. The rest we have more time :slightly_smiling_face:",
        "user": "UNFLCPZHP",
        "ts": "1575250562.001000",
        "team": "TNN3BM5N1",
        "user_team": "TNN3BM5N1",
        "source_team": "TNN3BM5N1",
        "user_profile": {
            "avatar_hash": "6ef87ac1f6e9",
            "image_72": "https:\/\/avatars.slack-edge.com\/2019-09-24\/773662685239_6ef87ac1f6e98ace1477_72.png",
            "first_name": "Michael",
            "real_name": "Michael DeMeo",
            "display_name": "",
            "team": "TNN3BM5N1",
            "name": "md458",
            "is_restricted": false,
            "is_ultra_restricted": false
        }
    },
    {
        "client_msg_id": "F09C4856-4DFA-44BA-8AEB-E3298C1F1A66",
        "type": "message",
        "text": "Also, anyone have a screw driver that can unscrew my dell xps15? I bought ram and wanna install it and my tools don’t come till Wednesday ",
        "user": "UNFLCPZHP",
        "ts": "1575250611.001900",
        "team": "TNN3BM5N1",
        "user_team": "TNN3BM5N1",
        "source_team": "TNN3BM5N1",
        "user_profile": {
            "avatar_hash": "6ef87ac1f6e9",
            "image_72": "https:\/\/avatars.slack-edge.com\/2019-09-24\/773662685239_6ef87ac1f6e98ace1477_72.png",
            "first_name": "Michael",
            "real_name": "Michael DeMeo",
            "display_name": "",
            "team": "TNN3BM5N1",
            "name": "md458",
            "is_restricted": false,
            "is_ultra_restricted": false
        }
    },
    {
        "client_msg_id": "4BB8C6BF-F77A-40A3-8637-0B6EC3746A4C",
        "type": "message",
        "text": "This is what the screws look like ",
        "user": "UNFLCPZHP",
        "ts": "1575250623.002200",
        "team": "TNN3BM5N1",
        "user_team": "TNN3BM5N1",
        "source_team": "TNN3BM5N1",
        "user_profile": {
            "avatar_hash": "6ef87ac1f6e9",
            "image_72": "https:\/\/avatars.slack-edge.com\/2019-09-24\/773662685239_6ef87ac1f6e98ace1477_72.png",
            "first_name": "Michael",
            "real_name": "Michael DeMeo",
            "display_name": "",
            "team": "TNN3BM5N1",
            "name": "md458",
            "is_restricted": false,
            "is_ultra_restricted": false
        }
    },
    {
        "type": "message",
        "text": "",
        "files": [
            {
                "id": "FQXE6DBHP",
                "created": 1575250616,
                "timestamp": 1575250616,
                "name": "Image from iOS.jpg",
                "title": "Image from iOS",
                "mimetype": "image\/jpeg",
                "filetype": "jpg",
                "pretty_type": "JPEG",
                "user": "UNFLCPZHP",
                "editable": false,
                "size": 1317913,
                "mode": "hosted",
                "is_external": false,
                "external_type": "",
                "is_public": true,
                "public_url_shared": false,
                "display_as_bot": false,
                "username": "",
                "url_private": "https:\/\/files.slack.com\/files-pri\/TNN3BM5N1-FQXE6DBHP\/image_from_ios.jpg?t=xoxe-770113719749-880564765509-870300588593-7f6ea6811a916e6a8a2763f11163aa02",
                "url_private_download": "https:\/\/files.slack.com\/files-pri\/TNN3BM5N1-FQXE6DBHP\/download\/image_from_ios.jpg?t=xoxe-770113719749-880564765509-870300588593-7f6ea6811a916e6a8a2763f11163aa02",
                "thumb_64": "https:\/\/files.slack.com\/files-tmb\/TNN3BM5N1-FQXE6DBHP-98f1ee33b1\/image_from_ios_64.jpg?t=xoxe-770113719749-880564765509-870300588593-7f6ea6811a916e6a8a2763f11163aa02",
                "thumb_80": "https:\/\/files.slack.com\/files-tmb\/TNN3BM5N1-FQXE6DBHP-98f1ee33b1\/image_from_ios_80.jpg?t=xoxe-770113719749-880564765509-870300588593-7f6ea6811a916e6a8a2763f11163aa02",
                "thumb_360": "https:\/\/files.slack.com\/files-tmb\/TNN3BM5N1-FQXE6DBHP-98f1ee33b1\/image_from_ios_360.jpg?t=xoxe-770113719749-880564765509-870300588593-7f6ea6811a916e6a8a2763f11163aa02",
                "thumb_360_w": 270,
                "thumb_360_h": 360,
                "thumb_480": "https:\/\/files.slack.com\/files-tmb\/TNN3BM5N1-FQXE6DBHP-98f1ee33b1\/image_from_ios_480.jpg?t=xoxe-770113719749-880564765509-870300588593-7f6ea6811a916e6a8a2763f11163aa02",
                "thumb_480_w": 360,
                "thumb_480_h": 480,
                "thumb_160": "https:\/\/files.slack.com\/files-tmb\/TNN3BM5N1-FQXE6DBHP-98f1ee33b1\/image_from_ios_160.jpg?t=xoxe-770113719749-880564765509-870300588593-7f6ea6811a916e6a8a2763f11163aa02",
                "thumb_720": "https:\/\/files.slack.com\/files-tmb\/TNN3BM5N1-FQXE6DBHP-98f1ee33b1\/image_from_ios_720.jpg?t=xoxe-770113719749-880564765509-870300588593-7f6ea6811a916e6a8a2763f11163aa02",
                "thumb_720_w": 540,
                "thumb_720_h": 720,
                "thumb_800": "https:\/\/files.slack.com\/files-tmb\/TNN3BM5N1-FQXE6DBHP-98f1ee33b1\/image_from_ios_800.jpg?t=xoxe-770113719749-880564765509-870300588593-7f6ea6811a916e6a8a2763f11163aa02",
                "thumb_800_w": 800,
                "thumb_800_h": 1067,
                "thumb_960": "https:\/\/files.slack.com\/files-tmb\/TNN3BM5N1-FQXE6DBHP-98f1ee33b1\/image_from_ios_960.jpg?t=xoxe-770113719749-880564765509-870300588593-7f6ea6811a916e6a8a2763f11163aa02",
                "thumb_960_w": 720,
                "thumb_960_h": 960,
                "thumb_1024": "https:\/\/files.slack.com\/files-tmb\/TNN3BM5N1-FQXE6DBHP-98f1ee33b1\/image_from_ios_1024.jpg?t=xoxe-770113719749-880564765509-870300588593-7f6ea6811a916e6a8a2763f11163aa02",
                "thumb_1024_w": 768,
                "thumb_1024_h": 1024,
                "image_exif_rotation": 6,
                "original_w": 4032,
                "original_h": 3024,
                "thumb_tiny": "AwAwACSTzR\/dNPRt+eMYqLyn9KmiQqpyOSakYjDis6Y\/vnrRk6Vmycyv9aBobRRijFBRsClxQKWgkhl6VlufnY+9aUzHnNZh6n60wQtFJRSKNctikL4FRs3NRO9BIsr5qhVhm4NVh0pghaKSikM\/\/9k=",
                "permalink": "https:\/\/it490team.slack.com\/files\/UNFLCPZHP\/FQXE6DBHP\/image_from_ios.jpg",
                "permalink_public": "https:\/\/slack-files.com\/TNN3BM5N1-FQXE6DBHP-192e56b239",
                "is_starred": false,
                "has_rich_preview": false
            }
        ],
        "upload": true,
        "user": "UNFLCPZHP",
        "display_as_bot": false,
        "ts": "1575250623.002300",
        "client_msg_id": "309A2F4A-A1CD-4D6A-A05E-71E1B30769E3"
    },
    {
        "client_msg_id": "1E6420E6-E572-45D6-8F8C-24FF10BCF28C",
        "type": "message",
        "text": "<@UNFLCPZHP> will bring it tomorrow! I gotchu :wink: ",
        "user": "UNMKAJXK6",
        "ts": "1575250818.003400",
        "team": "TNN3BM5N1",
        "user_team": "TNN3BM5N1",
        "source_team": "TNN3BM5N1",
        "user_profile": {
            "avatar_hash": "g9f9137124f4",
            "image_72": "https:\/\/secure.gravatar.com\/avatar\/9f9137124f44060a0fb846f648c9561f.jpg?s=72&d=https%3A%2F%2Fa.slack-edge.com%2Fdf10d%2Fimg%2Favatars%2Fava_0026-72.png",
            "first_name": "",
            "real_name": "Het Patel",
            "display_name": "",
            "team": "TNN3BM5N1",
            "name": "hp342",
            "is_restricted": false,
            "is_ultra_restricted": false
        },
        "reactions": [
            {
                "name": "grin",
                "users": [
                    "UNFLCPZHP"
                ],
                "count": 1
            }
        ]
    },
    {
        "client_msg_id": "711FE97A-2016-458A-9103-49E1C8B01220",
        "type": "message",
        "text": "Also het, if the weather is really bad, don’t worry about coming. Stay safe ",
        "user": "UNFLCPZHP",
        "ts": "1575250986.004200",
        "team": "TNN3BM5N1",
        "user_team": "TNN3BM5N1",
        "source_team": "TNN3BM5N1",
        "user_profile": {
            "avatar_hash": "6ef87ac1f6e9",
            "image_72": "https:\/\/avatars.slack-edge.com\/2019-09-24\/773662685239_6ef87ac1f6e98ace1477_72.png",
            "first_name": "Michael",
            "real_name": "Michael DeMeo",
            "display_name": "",
            "team": "TNN3BM5N1",
            "name": "md458",
            "is_restricted": false,
            "is_ultra_restricted": false
        }
    }
]