[
    {
        "client_msg_id": "B887BCA5-FC6F-4D8D-9200-AC6288EF896D",
        "type": "message",
        "text": "<@UNFLCPZHP> can you send the steps for creating vm",
        "user": "UNMKAJXK6",
        "ts": "1574038675.000500",
        "team": "TNN3BM5N1",
        "user_team": "TNN3BM5N1",
        "source_team": "TNN3BM5N1",
        "user_profile": {
            "avatar_hash": "g9f9137124f4",
            "image_72": "https:\/\/secure.gravatar.com\/avatar\/9f9137124f44060a0fb846f648c9561f.jpg?s=72&d=https%3A%2F%2Fa.slack-edge.com%2Fdf10d%2Fimg%2Favatars%2Fava_0026-72.png",
            "first_name": "",
            "real_name": "Het Patel",
            "display_name": "",
            "team": "TNN3BM5N1",
            "name": "hp342",
            "is_restricted": false,
            "is_ultra_restricted": false
        }
    },
    {
        "client_msg_id": "60BF202D-D837-4B9E-8714-135DD688AF75",
        "type": "message",
        "text": "<https:\/\/docs.google.com\/document\/d\/1pQCo1_G1VFhi6pbHwRObo98jK7Oeu4gd8XAoTE9bBy0>",
        "user": "UNFLCPZHP",
        "ts": "1574038798.000700",
        "team": "TNN3BM5N1",
        "user_team": "TNN3BM5N1",
        "source_team": "TNN3BM5N1",
        "user_profile": {
            "avatar_hash": "6ef87ac1f6e9",
            "image_72": "https:\/\/avatars.slack-edge.com\/2019-09-24\/773662685239_6ef87ac1f6e98ace1477_72.png",
            "first_name": "Michael",
            "real_name": "Michael DeMeo",
            "display_name": "",
            "team": "TNN3BM5N1",
            "name": "md458",
            "is_restricted": false,
            "is_ultra_restricted": false
        }
    }
]