[
    {
        "client_msg_id": "0B13A4F8-4C52-478D-9A56-BBA2069FE611",
        "type": "message",
        "text": "Hello fellas, 1:00 at Todd’s :muscle::skin-tone-3:",
        "user": "UNFLCPZHP",
        "ts": "1572017099.000400",
        "team": "TNN3BM5N1",
        "user_team": "TNN3BM5N1",
        "source_team": "TNN3BM5N1",
        "user_profile": {
            "avatar_hash": "6ef87ac1f6e9",
            "image_72": "https:\/\/avatars.slack-edge.com\/2019-09-24\/773662685239_6ef87ac1f6e98ace1477_72.png",
            "first_name": "Michael",
            "real_name": "Michael DeMeo",
            "display_name": "",
            "team": "TNN3BM5N1",
            "name": "md458",
            "is_restricted": false,
            "is_ultra_restricted": false
        }
    },
    {
        "client_msg_id": "32AC95C0-0B94-4AEC-8EC8-A40573C4B3FF",
        "type": "message",
        "text": "Here Todd ",
        "user": "UNFLCPZHP",
        "ts": "1572022958.000200",
        "team": "TNN3BM5N1",
        "user_team": "TNN3BM5N1",
        "source_team": "TNN3BM5N1",
        "user_profile": {
            "avatar_hash": "6ef87ac1f6e9",
            "image_72": "https:\/\/avatars.slack-edge.com\/2019-09-24\/773662685239_6ef87ac1f6e98ace1477_72.png",
            "first_name": "Michael",
            "real_name": "Michael DeMeo",
            "display_name": "",
            "team": "TNN3BM5N1",
            "name": "md458",
            "is_restricted": false,
            "is_ultra_restricted": false
        }
    },
    {
        "client_msg_id": "89180ADB-89A1-41A7-A9F6-A788ACAA3701",
        "type": "message",
        "text": "side door",
        "user": "UNN3G91A9",
        "ts": "1572022973.000400",
        "team": "TNN3BM5N1",
        "user_team": "TNN3BM5N1",
        "source_team": "TNN3BM5N1",
        "user_profile": {
            "avatar_hash": "gaa567b03c43",
            "image_72": "https:\/\/secure.gravatar.com\/avatar\/aa567b03c43d16fe9862dd1fddf1112c.jpg?s=72&d=https%3A%2F%2Fa.slack-edge.com%2Fdf10d%2Fimg%2Favatars%2Fava_0008-72.png",
            "first_name": "",
            "real_name": "Todd Murphy",
            "display_name": "Todd Murphy",
            "team": "TNN3BM5N1",
            "name": "tam44",
            "is_restricted": false,
            "is_ultra_restricted": false
        }
    },
    {
        "client_msg_id": "C4F13686-4649-4DE7-A924-95607367EF62",
        "type": "message",
        "text": "On my way! ",
        "user": "UNMKAJXK6",
        "ts": "1572023292.000500",
        "team": "TNN3BM5N1",
        "user_team": "TNN3BM5N1",
        "source_team": "TNN3BM5N1",
        "user_profile": {
            "avatar_hash": "g9f9137124f4",
            "image_72": "https:\/\/secure.gravatar.com\/avatar\/9f9137124f44060a0fb846f648c9561f.jpg?s=72&d=https%3A%2F%2Fa.slack-edge.com%2Fdf10d%2Fimg%2Favatars%2Fava_0026-72.png",
            "first_name": "",
            "real_name": "Het Patel",
            "display_name": "",
            "team": "TNN3BM5N1",
            "name": "hp342",
            "is_restricted": false,
            "is_ultra_restricted": false
        }
    },
    {
        "type": "message",
        "text": "",
        "files": [
            {
                "id": "FPW33QJQ6",
                "created": 1572031764,
                "timestamp": 1572031764,
                "name": "Dino1.jpg",
                "title": "Dino1.jpg",
                "mimetype": "image\/jpeg",
                "filetype": "jpg",
                "pretty_type": "JPEG",
                "user": "UNPPN7QDT",
                "editable": false,
                "size": 131941,
                "mode": "hosted",
                "is_external": false,
                "external_type": "",
                "is_public": true,
                "public_url_shared": false,
                "display_as_bot": false,
                "username": "",
                "url_private": "https:\/\/files.slack.com\/files-pri\/TNN3BM5N1-FPW33QJQ6\/dino1.jpg?t=xoxe-770113719749-880564765509-870300588593-7f6ea6811a916e6a8a2763f11163aa02",
                "url_private_download": "https:\/\/files.slack.com\/files-pri\/TNN3BM5N1-FPW33QJQ6\/download\/dino1.jpg?t=xoxe-770113719749-880564765509-870300588593-7f6ea6811a916e6a8a2763f11163aa02",
                "thumb_64": "https:\/\/files.slack.com\/files-tmb\/TNN3BM5N1-FPW33QJQ6-d1e5631232\/dino1_64.jpg?t=xoxe-770113719749-880564765509-870300588593-7f6ea6811a916e6a8a2763f11163aa02",
                "thumb_80": "https:\/\/files.slack.com\/files-tmb\/TNN3BM5N1-FPW33QJQ6-d1e5631232\/dino1_80.jpg?t=xoxe-770113719749-880564765509-870300588593-7f6ea6811a916e6a8a2763f11163aa02",
                "thumb_360": "https:\/\/files.slack.com\/files-tmb\/TNN3BM5N1-FPW33QJQ6-d1e5631232\/dino1_360.jpg?t=xoxe-770113719749-880564765509-870300588593-7f6ea6811a916e6a8a2763f11163aa02",
                "thumb_360_w": 337,
                "thumb_360_h": 360,
                "thumb_480": "https:\/\/files.slack.com\/files-tmb\/TNN3BM5N1-FPW33QJQ6-d1e5631232\/dino1_480.jpg?t=xoxe-770113719749-880564765509-870300588593-7f6ea6811a916e6a8a2763f11163aa02",
                "thumb_480_w": 449,
                "thumb_480_h": 480,
                "thumb_160": "https:\/\/files.slack.com\/files-tmb\/TNN3BM5N1-FPW33QJQ6-d1e5631232\/dino1_160.jpg?t=xoxe-770113719749-880564765509-870300588593-7f6ea6811a916e6a8a2763f11163aa02",
                "thumb_720": "https:\/\/files.slack.com\/files-tmb\/TNN3BM5N1-FPW33QJQ6-d1e5631232\/dino1_720.jpg?t=xoxe-770113719749-880564765509-870300588593-7f6ea6811a916e6a8a2763f11163aa02",
                "thumb_720_w": 673,
                "thumb_720_h": 720,
                "thumb_800": "https:\/\/files.slack.com\/files-tmb\/TNN3BM5N1-FPW33QJQ6-d1e5631232\/dino1_800.jpg?t=xoxe-770113719749-880564765509-870300588593-7f6ea6811a916e6a8a2763f11163aa02",
                "thumb_800_w": 800,
                "thumb_800_h": 855,
                "thumb_960": "https:\/\/files.slack.com\/files-tmb\/TNN3BM5N1-FPW33QJQ6-d1e5631232\/dino1_960.jpg?t=xoxe-770113719749-880564765509-870300588593-7f6ea6811a916e6a8a2763f11163aa02",
                "thumb_960_w": 898,
                "thumb_960_h": 960,
                "thumb_1024": "https:\/\/files.slack.com\/files-tmb\/TNN3BM5N1-FPW33QJQ6-d1e5631232\/dino1_1024.jpg?t=xoxe-770113719749-880564765509-870300588593-7f6ea6811a916e6a8a2763f11163aa02",
                "thumb_1024_w": 958,
                "thumb_1024_h": 1024,
                "image_exif_rotation": 1,
                "original_w": 1300,
                "original_h": 1390,
                "thumb_tiny": "AwAwACzTooqKS4VH2YJOM8UAS0VTWdjk7s1JbyySH5xj29qAWquWKKKKACq04JkBXByMYzVms9w0O5AOWOM9\/wAKTAGBiHRefelhJV4zuC5JycdajjII5HQ9zUjcOhwp5P3ulT1F1sX6KRSGAIOQaWrGFVLl9zbMEbSDnNL9ujwDtPIz1FJ9tiJzsOfwosBCp24VBkDqTxTjtJAbGfSnNfQHho2OPUA0LfwL92Nh9AKnkFYdCxSQffZSMY54q3VP+0Yv7j\/pR\/aMQ\/hf9KpIZ\/\/Z",
                "permalink": "https:\/\/it490team.slack.com\/files\/UNPPN7QDT\/FPW33QJQ6\/dino1.jpg",
                "permalink_public": "https:\/\/slack-files.com\/TNN3BM5N1-FPW33QJQ6-c785d34d92",
                "is_starred": false,
                "has_rich_preview": false
            },
            {
                "id": "FPGCJCJ5R",
                "created": 1572031764,
                "timestamp": 1572031764,
                "name": "Dino2.jpg",
                "title": "Dino2.jpg",
                "mimetype": "image\/jpeg",
                "filetype": "jpg",
                "pretty_type": "JPEG",
                "user": "UNPPN7QDT",
                "editable": false,
                "size": 32132,
                "mode": "hosted",
                "is_external": false,
                "external_type": "",
                "is_public": true,
                "public_url_shared": false,
                "display_as_bot": false,
                "username": "",
                "url_private": "https:\/\/files.slack.com\/files-pri\/TNN3BM5N1-FPGCJCJ5R\/dino2.jpg?t=xoxe-770113719749-880564765509-870300588593-7f6ea6811a916e6a8a2763f11163aa02",
                "url_private_download": "https:\/\/files.slack.com\/files-pri\/TNN3BM5N1-FPGCJCJ5R\/download\/dino2.jpg?t=xoxe-770113719749-880564765509-870300588593-7f6ea6811a916e6a8a2763f11163aa02",
                "thumb_64": "https:\/\/files.slack.com\/files-tmb\/TNN3BM5N1-FPGCJCJ5R-1edb1faa5e\/dino2_64.jpg?t=xoxe-770113719749-880564765509-870300588593-7f6ea6811a916e6a8a2763f11163aa02",
                "thumb_80": "https:\/\/files.slack.com\/files-tmb\/TNN3BM5N1-FPGCJCJ5R-1edb1faa5e\/dino2_80.jpg?t=xoxe-770113719749-880564765509-870300588593-7f6ea6811a916e6a8a2763f11163aa02",
                "thumb_360": "https:\/\/files.slack.com\/files-tmb\/TNN3BM5N1-FPGCJCJ5R-1edb1faa5e\/dino2_360.jpg?t=xoxe-770113719749-880564765509-870300588593-7f6ea6811a916e6a8a2763f11163aa02",
                "thumb_360_w": 360,
                "thumb_360_h": 360,
                "thumb_480": "https:\/\/files.slack.com\/files-tmb\/TNN3BM5N1-FPGCJCJ5R-1edb1faa5e\/dino2_480.jpg?t=xoxe-770113719749-880564765509-870300588593-7f6ea6811a916e6a8a2763f11163aa02",
                "thumb_480_w": 480,
                "thumb_480_h": 480,
                "thumb_160": "https:\/\/files.slack.com\/files-tmb\/TNN3BM5N1-FPGCJCJ5R-1edb1faa5e\/dino2_160.jpg?t=xoxe-770113719749-880564765509-870300588593-7f6ea6811a916e6a8a2763f11163aa02",
                "thumb_720": "https:\/\/files.slack.com\/files-tmb\/TNN3BM5N1-FPGCJCJ5R-1edb1faa5e\/dino2_720.jpg?t=xoxe-770113719749-880564765509-870300588593-7f6ea6811a916e6a8a2763f11163aa02",
                "thumb_720_w": 720,
                "thumb_720_h": 720,
                "thumb_800": "https:\/\/files.slack.com\/files-tmb\/TNN3BM5N1-FPGCJCJ5R-1edb1faa5e\/dino2_800.jpg?t=xoxe-770113719749-880564765509-870300588593-7f6ea6811a916e6a8a2763f11163aa02",
                "thumb_800_w": 800,
                "thumb_800_h": 800,
                "image_exif_rotation": 1,
                "original_w": 800,
                "original_h": 800,
                "thumb_tiny": "AwAwADC7RRSVYC0U1m2jOM01HLHDLg0wJKKSlpAFNddyFc4zTqa7BBk0AQktjZMPoV70FlVt0ancRik3b33E4okIJHPFO2odLksSvktIeT2HapKYrhiQO1PoAKZIm\/HOMGn0UAReSvcnNHkL6mpaKLgMRAg4Jp9FFAH\/2Q==",
                "permalink": "https:\/\/it490team.slack.com\/files\/UNPPN7QDT\/FPGCJCJ5R\/dino2.jpg",
                "permalink_public": "https:\/\/slack-files.com\/TNN3BM5N1-FPGCJCJ5R-5ca8e3f3d1",
                "is_starred": false,
                "has_rich_preview": false
            },
            {
                "id": "FPTSCGSM6",
                "created": 1572031764,
                "timestamp": 1572031764,
                "name": "Dino3.jpg",
                "title": "Dino3.jpg",
                "mimetype": "image\/jpeg",
                "filetype": "jpg",
                "pretty_type": "JPEG",
                "user": "UNPPN7QDT",
                "editable": false,
                "size": 6684,
                "mode": "hosted",
                "is_external": false,
                "external_type": "",
                "is_public": true,
                "public_url_shared": false,
                "display_as_bot": false,
                "username": "",
                "url_private": "https:\/\/files.slack.com\/files-pri\/TNN3BM5N1-FPTSCGSM6\/dino3.jpg?t=xoxe-770113719749-880564765509-870300588593-7f6ea6811a916e6a8a2763f11163aa02",
                "url_private_download": "https:\/\/files.slack.com\/files-pri\/TNN3BM5N1-FPTSCGSM6\/download\/dino3.jpg?t=xoxe-770113719749-880564765509-870300588593-7f6ea6811a916e6a8a2763f11163aa02",
                "permalink": "https:\/\/it490team.slack.com\/files\/UNPPN7QDT\/FPTSCGSM6\/dino3.jpg",
                "permalink_public": "https:\/\/slack-files.com\/TNN3BM5N1-FPTSCGSM6-c342b49625",
                "is_starred": false,
                "has_rich_preview": false
            }
        ],
        "upload": true,
        "user": "UNPPN7QDT",
        "ts": "1572031768.000100",
        "client_msg_id": "7357f005-55f8-45b4-909c-20e545830bae"
    }
]