[
    {
        "client_msg_id": "49D0F3D2-5048-45EB-A6E1-1E20AF700B70",
        "type": "message",
        "text": "What time we meeting today fellas, unfortunately, I can’t stick around until when Todd gets there, as we have an RA event at 7. So I’m free from 1- then. Do keep in mind that we will also meet Thursday morning before our funeral ",
        "user": "UNFLCPZHP",
        "ts": "1576586362.001700",
        "team": "TNN3BM5N1",
        "user_team": "TNN3BM5N1",
        "source_team": "TNN3BM5N1",
        "user_profile": {
            "avatar_hash": "6ef87ac1f6e9",
            "image_72": "https:\/\/avatars.slack-edge.com\/2019-09-24\/773662685239_6ef87ac1f6e98ace1477_72.png",
            "first_name": "Michael",
            "real_name": "Michael DeMeo",
            "display_name": "",
            "team": "TNN3BM5N1",
            "name": "md458",
            "is_restricted": false,
            "is_ultra_restricted": false
        },
        "blocks": [
            {
                "type": "rich_text",
                "block_id": "dLC",
                "elements": [
                    {
                        "type": "rich_text_section",
                        "elements": [
                            {
                                "type": "text",
                                "text": "What time we meeting today fellas, unfortunately, I can’t stick around until when Todd gets there, as we have an RA event at 7. So I’m free from 1- then. Do keep in mind that we will also meet Thursday morning before our funeral "
                            }
                        ]
                    }
                ]
            }
        ]
    },
    {
        "client_msg_id": "f23777f2-d0ef-484c-bc01-de8d5f6c475d",
        "type": "message",
        "text": "i don't know if the funeral thing was on propose or not :joy::joy:",
        "user": "UQR64SYF8",
        "ts": "1576596304.001100",
        "team": "TNN3BM5N1",
        "user_team": "TNN3BM5N1",
        "source_team": "TNN3BM5N1",
        "user_profile": {
            "avatar_hash": "g5c4285254ac",
            "image_72": "https:\/\/secure.gravatar.com\/avatar\/5c4285254ac716544400a92a2a2d6ee6.jpg?s=72&d=https%3A%2F%2Fa.slack-edge.com%2Fdf10d%2Fimg%2Favatars%2Fava_0003-72.png",
            "first_name": "",
            "real_name": "Vishal Patel",
            "display_name": "",
            "team": "TNN3BM5N1",
            "name": "vnp28",
            "is_restricted": false,
            "is_ultra_restricted": false
        },
        "blocks": [
            {
                "type": "rich_text",
                "block_id": "NSB",
                "elements": [
                    {
                        "type": "rich_text_section",
                        "elements": [
                            {
                                "type": "text",
                                "text": "i don't know if the funeral thing was on propose or not "
                            },
                            {
                                "type": "emoji",
                                "name": "joy"
                            },
                            {
                                "type": "emoji",
                                "name": "joy"
                            }
                        ]
                    }
                ]
            }
        ]
    },
    {
        "client_msg_id": "745ACC7F-926E-4823-AE0D-2DB47EB3D393",
        "type": "message",
        "text": "No I meant funeral ",
        "user": "UNFLCPZHP",
        "ts": "1576596318.001500",
        "team": "TNN3BM5N1",
        "user_team": "TNN3BM5N1",
        "source_team": "TNN3BM5N1",
        "user_profile": {
            "avatar_hash": "6ef87ac1f6e9",
            "image_72": "https:\/\/avatars.slack-edge.com\/2019-09-24\/773662685239_6ef87ac1f6e98ace1477_72.png",
            "first_name": "Michael",
            "real_name": "Michael DeMeo",
            "display_name": "",
            "team": "TNN3BM5N1",
            "name": "md458",
            "is_restricted": false,
            "is_ultra_restricted": false
        },
        "blocks": [
            {
                "type": "rich_text",
                "block_id": "=5+A",
                "elements": [
                    {
                        "type": "rich_text_section",
                        "elements": [
                            {
                                "type": "text",
                                "text": "No I meant funeral "
                            }
                        ]
                    }
                ]
            }
        ]
    },
    {
        "client_msg_id": "F67684FD-BBED-4CB2-B9EF-530DD392D7EB",
        "type": "message",
        "text": "Cause kehoe is gonna kill us ",
        "user": "UNFLCPZHP",
        "ts": "1576596331.002000",
        "team": "TNN3BM5N1",
        "user_team": "TNN3BM5N1",
        "source_team": "TNN3BM5N1",
        "user_profile": {
            "avatar_hash": "6ef87ac1f6e9",
            "image_72": "https:\/\/avatars.slack-edge.com\/2019-09-24\/773662685239_6ef87ac1f6e98ace1477_72.png",
            "first_name": "Michael",
            "real_name": "Michael DeMeo",
            "display_name": "",
            "team": "TNN3BM5N1",
            "name": "md458",
            "is_restricted": false,
            "is_ultra_restricted": false
        },
        "blocks": [
            {
                "type": "rich_text",
                "block_id": "5Tr",
                "elements": [
                    {
                        "type": "rich_text_section",
                        "elements": [
                            {
                                "type": "text",
                                "text": "Cause kehoe is gonna kill us "
                            }
                        ]
                    }
                ]
            }
        ]
    },
    {
        "client_msg_id": "09e6dc8c-a82b-4f7b-b4e1-8fcefbc953d6",
        "type": "message",
        "text": "I will be on campus at 12 so just let me know where and I'll come i have nothing else to do today",
        "user": "UQR64SYF8",
        "ts": "1576596363.002700",
        "team": "TNN3BM5N1",
        "user_team": "TNN3BM5N1",
        "source_team": "TNN3BM5N1",
        "user_profile": {
            "avatar_hash": "g5c4285254ac",
            "image_72": "https:\/\/secure.gravatar.com\/avatar\/5c4285254ac716544400a92a2a2d6ee6.jpg?s=72&d=https%3A%2F%2Fa.slack-edge.com%2Fdf10d%2Fimg%2Favatars%2Fava_0003-72.png",
            "first_name": "",
            "real_name": "Vishal Patel",
            "display_name": "",
            "team": "TNN3BM5N1",
            "name": "vnp28",
            "is_restricted": false,
            "is_ultra_restricted": false
        },
        "blocks": [
            {
                "type": "rich_text",
                "block_id": "5qYAk",
                "elements": [
                    {
                        "type": "rich_text_section",
                        "elements": [
                            {
                                "type": "text",
                                "text": "I will be on campus at 12 so just let me know where and I'll come i have nothing else to do today"
                            }
                        ]
                    }
                ]
            }
        ]
    },
    {
        "client_msg_id": "77789B3B-8B6A-475F-9E18-C07DAFAA6D44",
        "type": "message",
        "text": "Sure thing, don’t think we’re meeting till 3:30",
        "user": "UNFLCPZHP",
        "ts": "1576596386.003100",
        "team": "TNN3BM5N1",
        "user_team": "TNN3BM5N1",
        "source_team": "TNN3BM5N1",
        "user_profile": {
            "avatar_hash": "6ef87ac1f6e9",
            "image_72": "https:\/\/avatars.slack-edge.com\/2019-09-24\/773662685239_6ef87ac1f6e98ace1477_72.png",
            "first_name": "Michael",
            "real_name": "Michael DeMeo",
            "display_name": "",
            "team": "TNN3BM5N1",
            "name": "md458",
            "is_restricted": false,
            "is_ultra_restricted": false
        },
        "blocks": [
            {
                "type": "rich_text",
                "block_id": "MnEOr",
                "elements": [
                    {
                        "type": "rich_text_section",
                        "elements": [
                            {
                                "type": "text",
                                "text": "Sure thing, don’t think we’re meeting till 3:30"
                            }
                        ]
                    }
                ]
            }
        ]
    },
    {
        "client_msg_id": "581E8490-0E52-4DB2-9C3F-A8037854B758",
        "type": "message",
        "text": "I can meet from 3.30 to 6",
        "user": "UNMKAJXK6",
        "ts": "1576596407.003800",
        "team": "TNN3BM5N1",
        "user_team": "TNN3BM5N1",
        "source_team": "TNN3BM5N1",
        "user_profile": {
            "avatar_hash": "g9f9137124f4",
            "image_72": "https:\/\/secure.gravatar.com\/avatar\/9f9137124f44060a0fb846f648c9561f.jpg?s=72&d=https%3A%2F%2Fa.slack-edge.com%2Fdf10d%2Fimg%2Favatars%2Fava_0026-72.png",
            "first_name": "",
            "real_name": "Het Patel",
            "display_name": "",
            "team": "TNN3BM5N1",
            "name": "hp342",
            "is_restricted": false,
            "is_ultra_restricted": false
        },
        "blocks": [
            {
                "type": "rich_text",
                "block_id": "JrT",
                "elements": [
                    {
                        "type": "rich_text_section",
                        "elements": [
                            {
                                "type": "text",
                                "text": "I can meet from 3.30 to 6"
                            }
                        ]
                    }
                ]
            }
        ]
    },
    {
        "client_msg_id": "1fb5790c-da68-4734-89f6-0c5e12fedde8",
        "type": "message",
        "text": "That's fine I'm still touching up on the documentation",
        "user": "UQR64SYF8",
        "ts": "1576596422.004200",
        "team": "TNN3BM5N1",
        "user_team": "TNN3BM5N1",
        "source_team": "TNN3BM5N1",
        "user_profile": {
            "avatar_hash": "g5c4285254ac",
            "image_72": "https:\/\/secure.gravatar.com\/avatar\/5c4285254ac716544400a92a2a2d6ee6.jpg?s=72&d=https%3A%2F%2Fa.slack-edge.com%2Fdf10d%2Fimg%2Favatars%2Fava_0003-72.png",
            "first_name": "",
            "real_name": "Vishal Patel",
            "display_name": "",
            "team": "TNN3BM5N1",
            "name": "vnp28",
            "is_restricted": false,
            "is_ultra_restricted": false
        },
        "blocks": [
            {
                "type": "rich_text",
                "block_id": "L9\/",
                "elements": [
                    {
                        "type": "rich_text_section",
                        "elements": [
                            {
                                "type": "text",
                                "text": "That's fine I'm still touching up on the documentation"
                            }
                        ]
                    }
                ]
            }
        ]
    },
    {
        "client_msg_id": "f1b2e7ce-6261-4a45-bf9a-7ca23a5a752f",
        "type": "message",
        "text": "I'll just to that until 3:30",
        "user": "UQR64SYF8",
        "ts": "1576596445.004800",
        "team": "TNN3BM5N1",
        "user_team": "TNN3BM5N1",
        "source_team": "TNN3BM5N1",
        "user_profile": {
            "avatar_hash": "g5c4285254ac",
            "image_72": "https:\/\/secure.gravatar.com\/avatar\/5c4285254ac716544400a92a2a2d6ee6.jpg?s=72&d=https%3A%2F%2Fa.slack-edge.com%2Fdf10d%2Fimg%2Favatars%2Fava_0003-72.png",
            "first_name": "",
            "real_name": "Vishal Patel",
            "display_name": "",
            "team": "TNN3BM5N1",
            "name": "vnp28",
            "is_restricted": false,
            "is_ultra_restricted": false
        },
        "blocks": [
            {
                "type": "rich_text",
                "block_id": "POo",
                "elements": [
                    {
                        "type": "rich_text_section",
                        "elements": [
                            {
                                "type": "text",
                                "text": "I'll just to that until 3:30"
                            }
                        ]
                    }
                ]
            }
        ]
    },
    {
        "client_msg_id": "3ffc56d3-1a47-43f6-8eab-69a9d72393a2",
        "type": "message",
        "text": "If you guys want i can go to the library early to get a room or are we fine with the second floor",
        "user": "UQR64SYF8",
        "ts": "1576596482.005800",
        "team": "TNN3BM5N1",
        "user_team": "TNN3BM5N1",
        "source_team": "TNN3BM5N1",
        "user_profile": {
            "avatar_hash": "g5c4285254ac",
            "image_72": "https:\/\/secure.gravatar.com\/avatar\/5c4285254ac716544400a92a2a2d6ee6.jpg?s=72&d=https%3A%2F%2Fa.slack-edge.com%2Fdf10d%2Fimg%2Favatars%2Fava_0003-72.png",
            "first_name": "",
            "real_name": "Vishal Patel",
            "display_name": "",
            "team": "TNN3BM5N1",
            "name": "vnp28",
            "is_restricted": false,
            "is_ultra_restricted": false
        },
        "blocks": [
            {
                "type": "rich_text",
                "block_id": "4K0zy",
                "elements": [
                    {
                        "type": "rich_text_section",
                        "elements": [
                            {
                                "type": "text",
                                "text": "If you guys want i can go to the library early to get a room or are we fine with the second floor"
                            }
                        ]
                    }
                ]
            }
        ]
    },
    {
        "client_msg_id": "D58EE8F5-7B9D-466E-A719-A55B830A10C6",
        "type": "message",
        "text": "I can also meet till that time, same as het, sorry Todd but I’ll have to leave right around the time you join us :\/ ",
        "user": "UNFLCPZHP",
        "ts": "1576596613.006600",
        "team": "TNN3BM5N1",
        "user_team": "TNN3BM5N1",
        "source_team": "TNN3BM5N1",
        "user_profile": {
            "avatar_hash": "6ef87ac1f6e9",
            "image_72": "https:\/\/avatars.slack-edge.com\/2019-09-24\/773662685239_6ef87ac1f6e98ace1477_72.png",
            "first_name": "Michael",
            "real_name": "Michael DeMeo",
            "display_name": "",
            "team": "TNN3BM5N1",
            "name": "md458",
            "is_restricted": false,
            "is_ultra_restricted": false
        },
        "blocks": [
            {
                "type": "rich_text",
                "block_id": "iCO",
                "elements": [
                    {
                        "type": "rich_text_section",
                        "elements": [
                            {
                                "type": "text",
                                "text": "I can also meet till that time, same as het, sorry Todd but I’ll have to leave right around the time you join us :\/ "
                            }
                        ]
                    }
                ]
            }
        ]
    },
    {
        "client_msg_id": "41118286-E949-412B-8131-6DC411C5EC2F",
        "type": "message",
        "text": "<@UNFLCPZHP> what are we planning to do today? Because without todd we won’t be able to run the website since he runs the apache2 server",
        "user": "UNMKAJXK6",
        "ts": "1576596727.008000",
        "team": "TNN3BM5N1",
        "user_team": "TNN3BM5N1",
        "source_team": "TNN3BM5N1",
        "user_profile": {
            "avatar_hash": "g9f9137124f4",
            "image_72": "https:\/\/secure.gravatar.com\/avatar\/9f9137124f44060a0fb846f648c9561f.jpg?s=72&d=https%3A%2F%2Fa.slack-edge.com%2Fdf10d%2Fimg%2Favatars%2Fava_0026-72.png",
            "first_name": "",
            "real_name": "Het Patel",
            "display_name": "",
            "team": "TNN3BM5N1",
            "name": "hp342",
            "is_restricted": false,
            "is_ultra_restricted": false
        },
        "blocks": [
            {
                "type": "rich_text",
                "block_id": "bTk",
                "elements": [
                    {
                        "type": "rich_text_section",
                        "elements": [
                            {
                                "type": "user",
                                "user_id": "UNFLCPZHP"
                            },
                            {
                                "type": "text",
                                "text": " what are we planning to do today? Because without todd we won’t be able to run the website since he runs the apache2 server"
                            }
                        ]
                    }
                ]
            }
        ]
    },
    {
        "client_msg_id": "2054F0C2-BB6B-40D2-A8E1-37D04436110D",
        "type": "message",
        "text": "We can try database replication",
        "user": "UNMKAJXK6",
        "ts": "1576596759.008500",
        "team": "TNN3BM5N1",
        "user_team": "TNN3BM5N1",
        "source_team": "TNN3BM5N1",
        "user_profile": {
            "avatar_hash": "g9f9137124f4",
            "image_72": "https:\/\/secure.gravatar.com\/avatar\/9f9137124f44060a0fb846f648c9561f.jpg?s=72&d=https%3A%2F%2Fa.slack-edge.com%2Fdf10d%2Fimg%2Favatars%2Fava_0026-72.png",
            "first_name": "",
            "real_name": "Het Patel",
            "display_name": "",
            "team": "TNN3BM5N1",
            "name": "hp342",
            "is_restricted": false,
            "is_ultra_restricted": false
        },
        "blocks": [
            {
                "type": "rich_text",
                "block_id": "9PKB",
                "elements": [
                    {
                        "type": "rich_text_section",
                        "elements": [
                            {
                                "type": "text",
                                "text": "We can try database replication"
                            }
                        ]
                    }
                ]
            }
        ]
    },
    {
        "client_msg_id": "B11559B4-0DAA-40EE-BFE3-E7BBBB8212B1",
        "type": "message",
        "text": "We can try that, system D, go over documentation, firewall stuff panch wanted to go over, OSSIM stuff too, so we still have stuff we can work on :) ",
        "user": "UNFLCPZHP",
        "ts": "1576597495.009800",
        "team": "TNN3BM5N1",
        "user_team": "TNN3BM5N1",
        "source_team": "TNN3BM5N1",
        "user_profile": {
            "avatar_hash": "6ef87ac1f6e9",
            "image_72": "https:\/\/avatars.slack-edge.com\/2019-09-24\/773662685239_6ef87ac1f6e98ace1477_72.png",
            "first_name": "Michael",
            "real_name": "Michael DeMeo",
            "display_name": "",
            "team": "TNN3BM5N1",
            "name": "md458",
            "is_restricted": false,
            "is_ultra_restricted": false
        },
        "blocks": [
            {
                "type": "rich_text",
                "block_id": "Hs\/",
                "elements": [
                    {
                        "type": "rich_text_section",
                        "elements": [
                            {
                                "type": "text",
                                "text": "We can try that, system D, go over documentation, firewall stuff panch wanted to go over, OSSIM stuff too, so we still have stuff we can work on :) "
                            }
                        ]
                    }
                ]
            }
        ]
    },
    {
        "client_msg_id": "19ea1442-df41-4ddb-a3e1-7474320198ec",
        "type": "message",
        "text": "Yup",
        "user": "UNPPN7QDT",
        "ts": "1576597589.010000",
        "team": "TNN3BM5N1",
        "user_team": "TNN3BM5N1",
        "source_team": "TNN3BM5N1",
        "user_profile": {
            "avatar_hash": "6c9fd131469b",
            "image_72": "https:\/\/avatars.slack-edge.com\/2019-09-24\/771901658133_6c9fd131469be802ae52_72.jpg",
            "first_name": "",
            "real_name": "Panchajanya Vangapandu",
            "display_name": "Panchajanya Vangapandu",
            "team": "TNN3BM5N1",
            "name": "pvangapandu.fa17",
            "is_restricted": false,
            "is_ultra_restricted": false
        },
        "blocks": [
            {
                "type": "rich_text",
                "block_id": "2f+4Q",
                "elements": [
                    {
                        "type": "rich_text_section",
                        "elements": [
                            {
                                "type": "text",
                                "text": "Yup"
                            }
                        ]
                    }
                ]
            }
        ]
    },
    {
        "client_msg_id": "eb96609f-b4d4-46cc-8f22-dc2685a3712e",
        "type": "message",
        "text": "Let's go to our usual spot in the library",
        "user": "UNPPN7QDT",
        "ts": "1576597599.010400",
        "team": "TNN3BM5N1",
        "user_team": "TNN3BM5N1",
        "source_team": "TNN3BM5N1",
        "user_profile": {
            "avatar_hash": "6c9fd131469b",
            "image_72": "https:\/\/avatars.slack-edge.com\/2019-09-24\/771901658133_6c9fd131469be802ae52_72.jpg",
            "first_name": "",
            "real_name": "Panchajanya Vangapandu",
            "display_name": "Panchajanya Vangapandu",
            "team": "TNN3BM5N1",
            "name": "pvangapandu.fa17",
            "is_restricted": false,
            "is_ultra_restricted": false
        },
        "blocks": [
            {
                "type": "rich_text",
                "block_id": "bhu0",
                "elements": [
                    {
                        "type": "rich_text_section",
                        "elements": [
                            {
                                "type": "text",
                                "text": "Let's go to our usual spot in the library"
                            }
                        ]
                    }
                ]
            }
        ]
    },
    {
        "client_msg_id": "B75FD1AE-B7B7-44B4-B9F2-6F39E244DE77",
        "type": "message",
        "text": "Yup",
        "user": "UNMKAJXK6",
        "ts": "1576597873.010700",
        "team": "TNN3BM5N1",
        "user_team": "TNN3BM5N1",
        "source_team": "TNN3BM5N1",
        "user_profile": {
            "avatar_hash": "g9f9137124f4",
            "image_72": "https:\/\/secure.gravatar.com\/avatar\/9f9137124f44060a0fb846f648c9561f.jpg?s=72&d=https%3A%2F%2Fa.slack-edge.com%2Fdf10d%2Fimg%2Favatars%2Fava_0026-72.png",
            "first_name": "",
            "real_name": "Het Patel",
            "display_name": "",
            "team": "TNN3BM5N1",
            "name": "hp342",
            "is_restricted": false,
            "is_ultra_restricted": false
        },
        "blocks": [
            {
                "type": "rich_text",
                "block_id": "N25xw",
                "elements": [
                    {
                        "type": "rich_text_section",
                        "elements": [
                            {
                                "type": "text",
                                "text": "Yup"
                            }
                        ]
                    }
                ]
            }
        ]
    },
    {
        "client_msg_id": "142DE692-8306-4FCA-BC37-3A37D59A1852",
        "type": "message",
        "text": "3:30 good with everyone?",
        "user": "UNFLCPZHP",
        "ts": "1576597901.011000",
        "team": "TNN3BM5N1",
        "user_team": "TNN3BM5N1",
        "source_team": "TNN3BM5N1",
        "user_profile": {
            "avatar_hash": "6ef87ac1f6e9",
            "image_72": "https:\/\/avatars.slack-edge.com\/2019-09-24\/773662685239_6ef87ac1f6e98ace1477_72.png",
            "first_name": "Michael",
            "real_name": "Michael DeMeo",
            "display_name": "",
            "team": "TNN3BM5N1",
            "name": "md458",
            "is_restricted": false,
            "is_ultra_restricted": false
        },
        "blocks": [
            {
                "type": "rich_text",
                "block_id": "BIZB",
                "elements": [
                    {
                        "type": "rich_text_section",
                        "elements": [
                            {
                                "type": "text",
                                "text": "3:30 good with everyone?"
                            }
                        ]
                    }
                ]
            }
        ],
        "reactions": [
            {
                "name": "+1",
                "users": [
                    "UNMKAJXK6"
                ],
                "count": 1
            }
        ]
    },
    {
        "client_msg_id": "1F2BCF18-C3D4-442B-814E-31F13D5E0EFF",
        "type": "message",
        "text": "We also need the router :) ",
        "user": "UNFLCPZHP",
        "ts": "1576597908.011200",
        "team": "TNN3BM5N1",
        "user_team": "TNN3BM5N1",
        "source_team": "TNN3BM5N1",
        "user_profile": {
            "avatar_hash": "6ef87ac1f6e9",
            "image_72": "https:\/\/avatars.slack-edge.com\/2019-09-24\/773662685239_6ef87ac1f6e98ace1477_72.png",
            "first_name": "Michael",
            "real_name": "Michael DeMeo",
            "display_name": "",
            "team": "TNN3BM5N1",
            "name": "md458",
            "is_restricted": false,
            "is_ultra_restricted": false
        },
        "blocks": [
            {
                "type": "rich_text",
                "block_id": "Oj7",
                "elements": [
                    {
                        "type": "rich_text_section",
                        "elements": [
                            {
                                "type": "text",
                                "text": "We also need the router :) "
                            }
                        ]
                    }
                ]
            }
        ]
    },
    {
        "client_msg_id": "685c5740-53eb-459e-af6d-9381efb33aed",
        "type": "message",
        "text": "I got it from Todd yday",
        "user": "UNPPN7QDT",
        "ts": "1576598100.011400",
        "team": "TNN3BM5N1",
        "user_team": "TNN3BM5N1",
        "source_team": "TNN3BM5N1",
        "user_profile": {
            "avatar_hash": "6c9fd131469b",
            "image_72": "https:\/\/avatars.slack-edge.com\/2019-09-24\/771901658133_6c9fd131469be802ae52_72.jpg",
            "first_name": "",
            "real_name": "Panchajanya Vangapandu",
            "display_name": "Panchajanya Vangapandu",
            "team": "TNN3BM5N1",
            "name": "pvangapandu.fa17",
            "is_restricted": false,
            "is_ultra_restricted": false
        }
    },
    {
        "client_msg_id": "867D6412-ABF7-4786-A4C2-1663DB190E05",
        "type": "message",
        "text": "Perfect ",
        "user": "UNFLCPZHP",
        "ts": "1576598125.011600",
        "team": "TNN3BM5N1",
        "user_team": "TNN3BM5N1",
        "source_team": "TNN3BM5N1",
        "user_profile": {
            "avatar_hash": "6ef87ac1f6e9",
            "image_72": "https:\/\/avatars.slack-edge.com\/2019-09-24\/773662685239_6ef87ac1f6e98ace1477_72.png",
            "first_name": "Michael",
            "real_name": "Michael DeMeo",
            "display_name": "",
            "team": "TNN3BM5N1",
            "name": "md458",
            "is_restricted": false,
            "is_ultra_restricted": false
        },
        "blocks": [
            {
                "type": "rich_text",
                "block_id": "M=fD",
                "elements": [
                    {
                        "type": "rich_text_section",
                        "elements": [
                            {
                                "type": "text",
                                "text": "Perfect "
                            }
                        ]
                    }
                ]
            }
        ]
    },
    {
        "client_msg_id": "558a8dc1-e50f-4a86-add0-15522eebcd72",
        "type": "message",
        "text": "yup",
        "user": "UQR64SYF8",
        "ts": "1576598253.011800",
        "team": "TNN3BM5N1",
        "user_team": "TNN3BM5N1",
        "source_team": "TNN3BM5N1",
        "user_profile": {
            "avatar_hash": "g5c4285254ac",
            "image_72": "https:\/\/secure.gravatar.com\/avatar\/5c4285254ac716544400a92a2a2d6ee6.jpg?s=72&d=https%3A%2F%2Fa.slack-edge.com%2Fdf10d%2Fimg%2Favatars%2Fava_0003-72.png",
            "first_name": "",
            "real_name": "Vishal Patel",
            "display_name": "",
            "team": "TNN3BM5N1",
            "name": "vnp28",
            "is_restricted": false,
            "is_ultra_restricted": false
        },
        "blocks": [
            {
                "type": "rich_text",
                "block_id": "JTFP",
                "elements": [
                    {
                        "type": "rich_text_section",
                        "elements": [
                            {
                                "type": "text",
                                "text": "yup"
                            }
                        ]
                    }
                ]
            }
        ]
    },
    {
        "client_msg_id": "053C937E-6D6C-4FFC-84D6-EC921ACEDA4C",
        "type": "message",
        "text": "<@UNFLCPZHP> can you bring the tool kit",
        "user": "UNMKAJXK6",
        "ts": "1576600260.012100",
        "team": "TNN3BM5N1",
        "user_team": "TNN3BM5N1",
        "source_team": "TNN3BM5N1",
        "user_profile": {
            "avatar_hash": "g9f9137124f4",
            "image_72": "https:\/\/secure.gravatar.com\/avatar\/9f9137124f44060a0fb846f648c9561f.jpg?s=72&d=https%3A%2F%2Fa.slack-edge.com%2Fdf10d%2Fimg%2Favatars%2Fava_0026-72.png",
            "first_name": "",
            "real_name": "Het Patel",
            "display_name": "",
            "team": "TNN3BM5N1",
            "name": "hp342",
            "is_restricted": false,
            "is_ultra_restricted": false
        },
        "blocks": [
            {
                "type": "rich_text",
                "block_id": "M6i1Q",
                "elements": [
                    {
                        "type": "rich_text_section",
                        "elements": [
                            {
                                "type": "user",
                                "user_id": "UNFLCPZHP"
                            },
                            {
                                "type": "text",
                                "text": " can you bring the tool kit"
                            }
                        ]
                    }
                ]
            }
        ]
    },
    {
        "client_msg_id": "D0E18C32-2901-42B1-B0B7-ED53406EF94F",
        "type": "message",
        "text": "Yes sir ",
        "user": "UNFLCPZHP",
        "ts": "1576600281.012300",
        "team": "TNN3BM5N1",
        "user_team": "TNN3BM5N1",
        "source_team": "TNN3BM5N1",
        "user_profile": {
            "avatar_hash": "6ef87ac1f6e9",
            "image_72": "https:\/\/avatars.slack-edge.com\/2019-09-24\/773662685239_6ef87ac1f6e98ace1477_72.png",
            "first_name": "Michael",
            "real_name": "Michael DeMeo",
            "display_name": "",
            "team": "TNN3BM5N1",
            "name": "md458",
            "is_restricted": false,
            "is_ultra_restricted": false
        },
        "blocks": [
            {
                "type": "rich_text",
                "block_id": "PgCj",
                "elements": [
                    {
                        "type": "rich_text_section",
                        "elements": [
                            {
                                "type": "text",
                                "text": "Yes sir "
                            }
                        ]
                    }
                ]
            }
        ]
    },
    {
        "client_msg_id": "de526f0e-63da-4fba-958c-e11a9aad93c6",
        "type": "message",
        "text": "Running a little late, will be there by 45\/50",
        "user": "UNPPN7QDT",
        "ts": "1576613583.000400",
        "team": "TNN3BM5N1",
        "user_team": "TNN3BM5N1",
        "source_team": "TNN3BM5N1",
        "user_profile": {
            "avatar_hash": "6c9fd131469b",
            "image_72": "https:\/\/avatars.slack-edge.com\/2019-09-24\/771901658133_6c9fd131469be802ae52_72.jpg",
            "first_name": "",
            "real_name": "Panchajanya Vangapandu",
            "display_name": "Panchajanya Vangapandu",
            "team": "TNN3BM5N1",
            "name": "pvangapandu.fa17",
            "is_restricted": false,
            "is_ultra_restricted": false
        },
        "blocks": [
            {
                "type": "rich_text",
                "block_id": "Ct4wU",
                "elements": [
                    {
                        "type": "rich_text_section",
                        "elements": [
                            {
                                "type": "text",
                                "text": "Running a little late, will be there by 45\/50"
                            }
                        ]
                    }
                ]
            }
        ]
    },
    {
        "client_msg_id": "ABBDDA52-E078-4551-A881-CD847777B0B2",
        "type": "message",
        "text": "No tables are available at library ",
        "user": "UNMKAJXK6",
        "ts": "1576613668.001000",
        "team": "TNN3BM5N1",
        "user_team": "TNN3BM5N1",
        "source_team": "TNN3BM5N1",
        "user_profile": {
            "avatar_hash": "g9f9137124f4",
            "image_72": "https:\/\/secure.gravatar.com\/avatar\/9f9137124f44060a0fb846f648c9561f.jpg?s=72&d=https%3A%2F%2Fa.slack-edge.com%2Fdf10d%2Fimg%2Favatars%2Fava_0026-72.png",
            "first_name": "",
            "real_name": "Het Patel",
            "display_name": "",
            "team": "TNN3BM5N1",
            "name": "hp342",
            "is_restricted": false,
            "is_ultra_restricted": false
        },
        "blocks": [
            {
                "type": "rich_text",
                "block_id": "kmCp9",
                "elements": [
                    {
                        "type": "rich_text_section",
                        "elements": [
                            {
                                "type": "text",
                                "text": "No tables are available at library "
                            }
                        ]
                    }
                ]
            }
        ]
    },
    {
        "client_msg_id": "DEECCD0F-21C7-41BE-8A7E-07F0A8490DCB",
        "type": "message",
        "text": "I suggest Gitc 3200",
        "user": "UNMKAJXK6",
        "ts": "1576613719.001700",
        "team": "TNN3BM5N1",
        "user_team": "TNN3BM5N1",
        "source_team": "TNN3BM5N1",
        "user_profile": {
            "avatar_hash": "g9f9137124f4",
            "image_72": "https:\/\/secure.gravatar.com\/avatar\/9f9137124f44060a0fb846f648c9561f.jpg?s=72&d=https%3A%2F%2Fa.slack-edge.com%2Fdf10d%2Fimg%2Favatars%2Fava_0026-72.png",
            "first_name": "",
            "real_name": "Het Patel",
            "display_name": "",
            "team": "TNN3BM5N1",
            "name": "hp342",
            "is_restricted": false,
            "is_ultra_restricted": false
        },
        "blocks": [
            {
                "type": "rich_text",
                "block_id": "pE5",
                "elements": [
                    {
                        "type": "rich_text_section",
                        "elements": [
                            {
                                "type": "text",
                                "text": "I suggest Gitc 3200"
                            }
                        ]
                    }
                ]
            }
        ]
    },
    {
        "client_msg_id": "F5DE2C53-F1D1-4C87-8E2B-C28FFF93174A",
        "type": "message",
        "text": "So where are we meeting ",
        "user": "UNFLCPZHP",
        "ts": "1576614283.001900",
        "team": "TNN3BM5N1",
        "user_team": "TNN3BM5N1",
        "source_team": "TNN3BM5N1",
        "user_profile": {
            "avatar_hash": "6ef87ac1f6e9",
            "image_72": "https:\/\/avatars.slack-edge.com\/2019-09-24\/773662685239_6ef87ac1f6e98ace1477_72.png",
            "first_name": "Michael",
            "real_name": "Michael DeMeo",
            "display_name": "",
            "team": "TNN3BM5N1",
            "name": "md458",
            "is_restricted": false,
            "is_ultra_restricted": false
        },
        "blocks": [
            {
                "type": "rich_text",
                "block_id": "6ns",
                "elements": [
                    {
                        "type": "rich_text_section",
                        "elements": [
                            {
                                "type": "text",
                                "text": "So where are we meeting "
                            }
                        ]
                    }
                ]
            }
        ]
    },
    {
        "client_msg_id": "6E8FF693-6C62-4344-A079-7EF85B61C9C9",
        "type": "message",
        "text": "Let’s meet up at 3200 gitc",
        "user": "UNMKAJXK6",
        "ts": "1576614481.002500",
        "team": "TNN3BM5N1",
        "user_team": "TNN3BM5N1",
        "source_team": "TNN3BM5N1",
        "user_profile": {
            "avatar_hash": "g9f9137124f4",
            "image_72": "https:\/\/secure.gravatar.com\/avatar\/9f9137124f44060a0fb846f648c9561f.jpg?s=72&d=https%3A%2F%2Fa.slack-edge.com%2Fdf10d%2Fimg%2Favatars%2Fava_0026-72.png",
            "first_name": "",
            "real_name": "Het Patel",
            "display_name": "",
            "team": "TNN3BM5N1",
            "name": "hp342",
            "is_restricted": false,
            "is_ultra_restricted": false
        },
        "blocks": [
            {
                "type": "rich_text",
                "block_id": "7SF",
                "elements": [
                    {
                        "type": "rich_text_section",
                        "elements": [
                            {
                                "type": "text",
                                "text": "Let’s meet up at 3200 gitc"
                            }
                        ]
                    }
                ]
            }
        ]
    },
    {
        "client_msg_id": "56F39775-CB7B-4578-9BFC-251D7849C46F",
        "type": "message",
        "text": "Okay I’m heading there now",
        "user": "UNFLCPZHP",
        "ts": "1576614492.002800",
        "team": "TNN3BM5N1",
        "user_team": "TNN3BM5N1",
        "source_team": "TNN3BM5N1",
        "user_profile": {
            "avatar_hash": "6ef87ac1f6e9",
            "image_72": "https:\/\/avatars.slack-edge.com\/2019-09-24\/773662685239_6ef87ac1f6e98ace1477_72.png",
            "first_name": "Michael",
            "real_name": "Michael DeMeo",
            "display_name": "",
            "team": "TNN3BM5N1",
            "name": "md458",
            "is_restricted": false,
            "is_ultra_restricted": false
        },
        "blocks": [
            {
                "type": "rich_text",
                "block_id": "rPuo6",
                "elements": [
                    {
                        "type": "rich_text_section",
                        "elements": [
                            {
                                "type": "text",
                                "text": "Okay I’m heading there now"
                            }
                        ]
                    }
                ]
            }
        ]
    },
    {
        "client_msg_id": "d308f653-d1e0-4e9c-bf16-2cee6c2593e4",
        "type": "message",
        "text": "omw",
        "user": "UQR64SYF8",
        "ts": "1576614671.003000",
        "team": "TNN3BM5N1",
        "user_team": "TNN3BM5N1",
        "source_team": "TNN3BM5N1",
        "user_profile": {
            "avatar_hash": "g5c4285254ac",
            "image_72": "https:\/\/secure.gravatar.com\/avatar\/5c4285254ac716544400a92a2a2d6ee6.jpg?s=72&d=https%3A%2F%2Fa.slack-edge.com%2Fdf10d%2Fimg%2Favatars%2Fava_0003-72.png",
            "first_name": "",
            "real_name": "Vishal Patel",
            "display_name": "",
            "team": "TNN3BM5N1",
            "name": "vnp28",
            "is_restricted": false,
            "is_ultra_restricted": false
        },
        "blocks": [
            {
                "type": "rich_text",
                "block_id": "Z9K6j",
                "elements": [
                    {
                        "type": "rich_text_section",
                        "elements": [
                            {
                                "type": "text",
                                "text": "omw"
                            }
                        ]
                    }
                ]
            }
        ]
    },
    {
        "client_msg_id": "6FD99364-90E2-4352-ABF5-482F419C01B9",
        "type": "message",
        "text": "There’s already a lot of people on the center table ",
        "user": "UNFLCPZHP",
        "ts": "1576615024.003400",
        "team": "TNN3BM5N1",
        "user_team": "TNN3BM5N1",
        "source_team": "TNN3BM5N1",
        "user_profile": {
            "avatar_hash": "6ef87ac1f6e9",
            "image_72": "https:\/\/avatars.slack-edge.com\/2019-09-24\/773662685239_6ef87ac1f6e98ace1477_72.png",
            "first_name": "Michael",
            "real_name": "Michael DeMeo",
            "display_name": "",
            "team": "TNN3BM5N1",
            "name": "md458",
            "is_restricted": false,
            "is_ultra_restricted": false
        },
        "blocks": [
            {
                "type": "rich_text",
                "block_id": "p9rkq",
                "elements": [
                    {
                        "type": "rich_text_section",
                        "elements": [
                            {
                                "type": "text",
                                "text": "There’s already a lot of people on the center table "
                            }
                        ]
                    }
                ]
            }
        ]
    },
    {
        "client_msg_id": "c22d98b2-9361-496f-9463-859e1ed1747d",
        "type": "message",
        "text": "Campus center 2nd floor?",
        "user": "UQR64SYF8",
        "ts": "1576615093.003900",
        "team": "TNN3BM5N1",
        "user_team": "TNN3BM5N1",
        "source_team": "TNN3BM5N1",
        "user_profile": {
            "avatar_hash": "g5c4285254ac",
            "image_72": "https:\/\/secure.gravatar.com\/avatar\/5c4285254ac716544400a92a2a2d6ee6.jpg?s=72&d=https%3A%2F%2Fa.slack-edge.com%2Fdf10d%2Fimg%2Favatars%2Fava_0003-72.png",
            "first_name": "",
            "real_name": "Vishal Patel",
            "display_name": "",
            "team": "TNN3BM5N1",
            "name": "vnp28",
            "is_restricted": false,
            "is_ultra_restricted": false
        },
        "blocks": [
            {
                "type": "rich_text",
                "block_id": "vREUa",
                "elements": [
                    {
                        "type": "rich_text_section",
                        "elements": [
                            {
                                "type": "text",
                                "text": "Campus center 2nd floor?"
                            }
                        ]
                    }
                ]
            }
        ]
    },
    {
        "client_msg_id": "E7FACF15-2A20-4EB5-B982-DE965A4BE2E5",
        "type": "message",
        "text": "Mike i see you",
        "user": "UNMKAJXK6",
        "ts": "1576615101.004100",
        "team": "TNN3BM5N1",
        "user_team": "TNN3BM5N1",
        "source_team": "TNN3BM5N1",
        "user_profile": {
            "avatar_hash": "g9f9137124f4",
            "image_72": "https:\/\/secure.gravatar.com\/avatar\/9f9137124f44060a0fb846f648c9561f.jpg?s=72&d=https%3A%2F%2Fa.slack-edge.com%2Fdf10d%2Fimg%2Favatars%2Fava_0026-72.png",
            "first_name": "",
            "real_name": "Het Patel",
            "display_name": "",
            "team": "TNN3BM5N1",
            "name": "hp342",
            "is_restricted": false,
            "is_ultra_restricted": false
        },
        "blocks": [
            {
                "type": "rich_text",
                "block_id": "LsR",
                "elements": [
                    {
                        "type": "rich_text_section",
                        "elements": [
                            {
                                "type": "text",
                                "text": "Mike i see you"
                            }
                        ]
                    }
                ]
            }
        ]
    },
    {
        "client_msg_id": "E1AA370D-C631-4F60-9723-D96D0B1932F6",
        "type": "message",
        "text": "Are you in the room? ",
        "user": "UNFLCPZHP",
        "ts": "1576615124.004700",
        "team": "TNN3BM5N1",
        "user_team": "TNN3BM5N1",
        "source_team": "TNN3BM5N1",
        "user_profile": {
            "avatar_hash": "6ef87ac1f6e9",
            "image_72": "https:\/\/avatars.slack-edge.com\/2019-09-24\/773662685239_6ef87ac1f6e98ace1477_72.png",
            "first_name": "Michael",
            "real_name": "Michael DeMeo",
            "display_name": "",
            "team": "TNN3BM5N1",
            "name": "md458",
            "is_restricted": false,
            "is_ultra_restricted": false
        },
        "blocks": [
            {
                "type": "rich_text",
                "block_id": "axJS",
                "elements": [
                    {
                        "type": "rich_text_section",
                        "elements": [
                            {
                                "type": "text",
                                "text": "Are you in the room? "
                            }
                        ]
                    }
                ]
            }
        ]
    },
    {
        "client_msg_id": "2AB13CE8-2F5C-4ABC-9B4B-67B2F2157E6D",
        "type": "message",
        "text": "Where we sign up for python",
        "user": "UNMKAJXK6",
        "ts": "1576615125.004800",
        "team": "TNN3BM5N1",
        "user_team": "TNN3BM5N1",
        "source_team": "TNN3BM5N1",
        "user_profile": {
            "avatar_hash": "g9f9137124f4",
            "image_72": "https:\/\/secure.gravatar.com\/avatar\/9f9137124f44060a0fb846f648c9561f.jpg?s=72&d=https%3A%2F%2Fa.slack-edge.com%2Fdf10d%2Fimg%2Favatars%2Fava_0026-72.png",
            "first_name": "",
            "real_name": "Het Patel",
            "display_name": "",
            "team": "TNN3BM5N1",
            "name": "hp342",
            "is_restricted": false,
            "is_ultra_restricted": false
        },
        "blocks": [
            {
                "type": "rich_text",
                "block_id": "k+ZL0",
                "elements": [
                    {
                        "type": "rich_text_section",
                        "elements": [
                            {
                                "type": "text",
                                "text": "Where we sign up for python"
                            }
                        ]
                    }
                ]
            }
        ]
    },
    {
        "client_msg_id": "86631FBC-6F61-4316-9BD8-B294363A2AAB",
        "type": "message",
        "text": "Nvm",
        "user": "UNFLCPZHP",
        "ts": "1576615139.005100",
        "team": "TNN3BM5N1",
        "user_team": "TNN3BM5N1",
        "source_team": "TNN3BM5N1",
        "user_profile": {
            "avatar_hash": "6ef87ac1f6e9",
            "image_72": "https:\/\/avatars.slack-edge.com\/2019-09-24\/773662685239_6ef87ac1f6e98ace1477_72.png",
            "first_name": "Michael",
            "real_name": "Michael DeMeo",
            "display_name": "",
            "team": "TNN3BM5N1",
            "name": "md458",
            "is_restricted": false,
            "is_ultra_restricted": false
        },
        "blocks": [
            {
                "type": "rich_text",
                "block_id": "Xvgz",
                "elements": [
                    {
                        "type": "rich_text_section",
                        "elements": [
                            {
                                "type": "text",
                                "text": "Nvm"
                            }
                        ]
                    }
                ]
            }
        ]
    },
    {
        "client_msg_id": "A7B4F14E-4EB6-48F1-BAC0-6E8539766A93",
        "type": "message",
        "text": "Gitc 3700",
        "user": "UNFLCPZHP",
        "ts": "1576615153.005400",
        "team": "TNN3BM5N1",
        "user_team": "TNN3BM5N1",
        "source_team": "TNN3BM5N1",
        "user_profile": {
            "avatar_hash": "6ef87ac1f6e9",
            "image_72": "https:\/\/avatars.slack-edge.com\/2019-09-24\/773662685239_6ef87ac1f6e98ace1477_72.png",
            "first_name": "Michael",
            "real_name": "Michael DeMeo",
            "display_name": "",
            "team": "TNN3BM5N1",
            "name": "md458",
            "is_restricted": false,
            "is_ultra_restricted": false
        },
        "blocks": [
            {
                "type": "rich_text",
                "block_id": "dAIa",
                "elements": [
                    {
                        "type": "rich_text_section",
                        "elements": [
                            {
                                "type": "text",
                                "text": "Gitc 3700"
                            }
                        ]
                    }
                ]
            }
        ]
    },
    {
        "client_msg_id": "552bd8a8-c658-4f2c-8f9a-b825dec7eccb",
        "type": "message",
        "text": "<https:\/\/docs.google.com\/document\/d\/1SLfUGXVHsom2P6Tc1Iagmb6tgASqvL-59BT4fC6n0RE\/edit?usp=sharing>",
        "user": "UQR64SYF8",
        "ts": "1576616549.005600",
        "team": "TNN3BM5N1",
        "user_team": "TNN3BM5N1",
        "source_team": "TNN3BM5N1",
        "user_profile": {
            "avatar_hash": "g5c4285254ac",
            "image_72": "https:\/\/secure.gravatar.com\/avatar\/5c4285254ac716544400a92a2a2d6ee6.jpg?s=72&d=https%3A%2F%2Fa.slack-edge.com%2Fdf10d%2Fimg%2Favatars%2Fava_0003-72.png",
            "first_name": "",
            "real_name": "Vishal Patel",
            "display_name": "",
            "team": "TNN3BM5N1",
            "name": "vnp28",
            "is_restricted": false,
            "is_ultra_restricted": false
        },
        "blocks": [
            {
                "type": "rich_text",
                "block_id": "+kqoe",
                "elements": [
                    {
                        "type": "rich_text_section",
                        "elements": [
                            {
                                "type": "link",
                                "url": "https:\/\/docs.google.com\/document\/d\/1SLfUGXVHsom2P6Tc1Iagmb6tgASqvL-59BT4fC6n0RE\/edit?usp=sharing"
                            }
                        ]
                    }
                ]
            }
        ]
    },
    {
        "client_msg_id": "463DC2EB-CC47-4128-93DC-F38A870CEA4D",
        "type": "message",
        "text": "<https:\/\/cybersecurity.att.com\/documentation\/usm-anywhere\/deployment-guide\/data-source\/alienvault-agents.htm|https:\/\/cybersecurity.att.com\/documentation\/usm-anywhere\/deployment-guide\/data-source\/alienvault-agents.htm>",
        "user": "UNFLCPZHP",
        "ts": "1576626575.005900",
        "team": "TNN3BM5N1",
        "user_team": "TNN3BM5N1",
        "source_team": "TNN3BM5N1",
        "user_profile": {
            "avatar_hash": "6ef87ac1f6e9",
            "image_72": "https:\/\/avatars.slack-edge.com\/2019-09-24\/773662685239_6ef87ac1f6e98ace1477_72.png",
            "first_name": "Michael",
            "real_name": "Michael DeMeo",
            "display_name": "",
            "team": "TNN3BM5N1",
            "name": "md458",
            "is_restricted": false,
            "is_ultra_restricted": false
        },
        "attachments": [
            {
                "title": "The AlienVault Agent",
                "title_link": "https:\/\/cybersecurity.att.com\/documentation\/usm-anywhere\/deployment-guide\/data-source\/alienvault-agents.htm",
                "text": "The AlienVault Agent is a lightweight endpoint agent based on osquery, allowing USM Anywhere to quickly detect threats on Windows and Linux assets without manual configuration and setup tasks.",
                "fallback": "The AlienVault Agent",
                "from_url": "https:\/\/cybersecurity.att.com\/documentation\/usm-anywhere\/deployment-guide\/data-source\/alienvault-agents.htm",
                "service_icon": "https:\/\/cybersecurity.att.com\/favicon.ico",
                "service_name": "cybersecurity.att.com",
                "id": 1,
                "original_url": "https:\/\/cybersecurity.att.com\/documentation\/usm-anywhere\/deployment-guide\/data-source\/alienvault-agents.htm"
            }
        ],
        "blocks": [
            {
                "type": "rich_text",
                "block_id": "NJNmQ",
                "elements": [
                    {
                        "type": "rich_text_section",
                        "elements": [
                            {
                                "type": "link",
                                "url": "https:\/\/cybersecurity.att.com\/documentation\/usm-anywhere\/deployment-guide\/data-source\/alienvault-agents.htm",
                                "text": "https:\/\/cybersecurity.att.com\/documentation\/usm-anywhere\/deployment-guide\/data-source\/alienvault-agents.htm"
                            }
                        ]
                    }
                ]
            }
        ]
    }
]