[
    {
        "type": "message",
        "text": "",
        "files": [
            {
                "id": "FRD5G39A9",
                "created": 1575650253,
                "timestamp": 1575650253,
                "name": "Image from iOS.png",
                "title": "Image from iOS",
                "mimetype": "image\/png",
                "filetype": "png",
                "pretty_type": "PNG",
                "user": "UNFLCPZHP",
                "editable": false,
                "size": 793678,
                "mode": "hosted",
                "is_external": false,
                "external_type": "",
                "is_public": true,
                "public_url_shared": false,
                "display_as_bot": false,
                "username": "",
                "url_private": "https:\/\/files.slack.com\/files-pri\/TNN3BM5N1-FRD5G39A9\/image_from_ios.png?t=xoxe-770113719749-880564765509-870300588593-7f6ea6811a916e6a8a2763f11163aa02",
                "url_private_download": "https:\/\/files.slack.com\/files-pri\/TNN3BM5N1-FRD5G39A9\/download\/image_from_ios.png?t=xoxe-770113719749-880564765509-870300588593-7f6ea6811a916e6a8a2763f11163aa02",
                "thumb_64": "https:\/\/files.slack.com\/files-tmb\/TNN3BM5N1-FRD5G39A9-9314e15d54\/image_from_ios_64.png?t=xoxe-770113719749-880564765509-870300588593-7f6ea6811a916e6a8a2763f11163aa02",
                "thumb_80": "https:\/\/files.slack.com\/files-tmb\/TNN3BM5N1-FRD5G39A9-9314e15d54\/image_from_ios_80.png?t=xoxe-770113719749-880564765509-870300588593-7f6ea6811a916e6a8a2763f11163aa02",
                "thumb_360": "https:\/\/files.slack.com\/files-tmb\/TNN3BM5N1-FRD5G39A9-9314e15d54\/image_from_ios_360.png?t=xoxe-770113719749-880564765509-870300588593-7f6ea6811a916e6a8a2763f11163aa02",
                "thumb_360_w": 166,
                "thumb_360_h": 360,
                "thumb_480": "https:\/\/files.slack.com\/files-tmb\/TNN3BM5N1-FRD5G39A9-9314e15d54\/image_from_ios_480.png?t=xoxe-770113719749-880564765509-870300588593-7f6ea6811a916e6a8a2763f11163aa02",
                "thumb_480_w": 222,
                "thumb_480_h": 480,
                "thumb_160": "https:\/\/files.slack.com\/files-tmb\/TNN3BM5N1-FRD5G39A9-9314e15d54\/image_from_ios_160.png?t=xoxe-770113719749-880564765509-870300588593-7f6ea6811a916e6a8a2763f11163aa02",
                "thumb_720": "https:\/\/files.slack.com\/files-tmb\/TNN3BM5N1-FRD5G39A9-9314e15d54\/image_from_ios_720.png?t=xoxe-770113719749-880564765509-870300588593-7f6ea6811a916e6a8a2763f11163aa02",
                "thumb_720_w": 333,
                "thumb_720_h": 720,
                "thumb_800": "https:\/\/files.slack.com\/files-tmb\/TNN3BM5N1-FRD5G39A9-9314e15d54\/image_from_ios_800.png?t=xoxe-770113719749-880564765509-870300588593-7f6ea6811a916e6a8a2763f11163aa02",
                "thumb_800_w": 800,
                "thumb_800_h": 1732,
                "thumb_960": "https:\/\/files.slack.com\/files-tmb\/TNN3BM5N1-FRD5G39A9-9314e15d54\/image_from_ios_960.png?t=xoxe-770113719749-880564765509-870300588593-7f6ea6811a916e6a8a2763f11163aa02",
                "thumb_960_w": 443,
                "thumb_960_h": 960,
                "thumb_1024": "https:\/\/files.slack.com\/files-tmb\/TNN3BM5N1-FRD5G39A9-9314e15d54\/image_from_ios_1024.png?t=xoxe-770113719749-880564765509-870300588593-7f6ea6811a916e6a8a2763f11163aa02",
                "thumb_1024_w": 473,
                "thumb_1024_h": 1024,
                "image_exif_rotation": 1,
                "original_w": 1125,
                "original_h": 2436,
                "thumb_tiny": "AwAwABZYLcTIW34wccCpfsK\/89D+VSWaIkTBJN4z1x7VNkelAMprZlmIJYAd8Cn\/AGAf89D+VWxS0AUtN5gf\/e\/pVvH1qnpn+ofP97+lXcCgAFLRRQBR0z\/UN\/v\/ANKuBsVT0z\/UPn+9\/SrgKHuPzoAUHNLQBiigD\/\/Z",
                "permalink": "https:\/\/it490team.slack.com\/files\/UNFLCPZHP\/FRD5G39A9\/image_from_ios.png",
                "permalink_public": "https:\/\/slack-files.com\/TNN3BM5N1-FRD5G39A9-9700a53d00",
                "is_starred": false,
                "has_rich_preview": false
            }
        ],
        "upload": true,
        "user": "UNFLCPZHP",
        "display_as_bot": false,
        "ts": "1575650258.000200",
        "client_msg_id": "9D1A5BA4-C125-4618-9E2E-59E023338155"
    },
    {
        "client_msg_id": "A191BD5B-A27C-4FC2-82A9-6F93744CABCF",
        "type": "message",
        "text": "Alrighty guys, we have all the deliverables that we need to do ",
        "user": "UNFLCPZHP",
        "ts": "1575650270.000800",
        "team": "TNN3BM5N1",
        "user_team": "TNN3BM5N1",
        "source_team": "TNN3BM5N1",
        "user_profile": {
            "avatar_hash": "6ef87ac1f6e9",
            "image_72": "https:\/\/avatars.slack-edge.com\/2019-09-24\/773662685239_6ef87ac1f6e98ace1477_72.png",
            "first_name": "Michael",
            "real_name": "Michael DeMeo",
            "display_name": "",
            "team": "TNN3BM5N1",
            "name": "md458",
            "is_restricted": false,
            "is_ultra_restricted": false
        }
    },
    {
        "client_msg_id": "bd00ae00-b55f-41c4-b836-3597d98d8916",
        "type": "message",
        "text": "The first one seems doable",
        "user": "UNPPN7QDT",
        "ts": "1575666826.000300",
        "team": "TNN3BM5N1",
        "user_team": "TNN3BM5N1",
        "source_team": "TNN3BM5N1",
        "user_profile": {
            "avatar_hash": "6c9fd131469b",
            "image_72": "https:\/\/avatars.slack-edge.com\/2019-09-24\/771901658133_6c9fd131469be802ae52_72.jpg",
            "first_name": "",
            "real_name": "Panchajanya Vangapandu",
            "display_name": "Panchajanya Vangapandu",
            "team": "TNN3BM5N1",
            "name": "pvangapandu.fa17",
            "is_restricted": false,
            "is_ultra_restricted": false
        },
        "blocks": [
            {
                "type": "rich_text",
                "block_id": "O1G",
                "elements": [
                    {
                        "type": "rich_text_section",
                        "elements": [
                            {
                                "type": "text",
                                "text": "The first one seems doable"
                            }
                        ]
                    }
                ]
            }
        ]
    },
    {
        "client_msg_id": "08ffacf6-db9c-4954-b18a-e9b2926cb01e",
        "type": "message",
        "text": "But the second one seems challenging",
        "user": "UNPPN7QDT",
        "ts": "1575666840.000800",
        "team": "TNN3BM5N1",
        "user_team": "TNN3BM5N1",
        "source_team": "TNN3BM5N1",
        "user_profile": {
            "avatar_hash": "6c9fd131469b",
            "image_72": "https:\/\/avatars.slack-edge.com\/2019-09-24\/771901658133_6c9fd131469be802ae52_72.jpg",
            "first_name": "",
            "real_name": "Panchajanya Vangapandu",
            "display_name": "Panchajanya Vangapandu",
            "team": "TNN3BM5N1",
            "name": "pvangapandu.fa17",
            "is_restricted": false,
            "is_ultra_restricted": false
        },
        "blocks": [
            {
                "type": "rich_text",
                "block_id": "Q9c",
                "elements": [
                    {
                        "type": "rich_text_section",
                        "elements": [
                            {
                                "type": "text",
                                "text": "But the second one seems challenging"
                            }
                        ]
                    }
                ]
            }
        ]
    },
    {
        "client_msg_id": "21160e4d-7337-4978-b56d-fa31c97229a1",
        "type": "message",
        "text": "what do you guys think?",
        "user": "UNPPN7QDT",
        "ts": "1575666851.001300",
        "team": "TNN3BM5N1",
        "user_team": "TNN3BM5N1",
        "source_team": "TNN3BM5N1",
        "user_profile": {
            "avatar_hash": "6c9fd131469b",
            "image_72": "https:\/\/avatars.slack-edge.com\/2019-09-24\/771901658133_6c9fd131469be802ae52_72.jpg",
            "first_name": "",
            "real_name": "Panchajanya Vangapandu",
            "display_name": "Panchajanya Vangapandu",
            "team": "TNN3BM5N1",
            "name": "pvangapandu.fa17",
            "is_restricted": false,
            "is_ultra_restricted": false
        },
        "blocks": [
            {
                "type": "rich_text",
                "block_id": "4Y2F",
                "elements": [
                    {
                        "type": "rich_text_section",
                        "elements": [
                            {
                                "type": "text",
                                "text": "what do you guys think?"
                            }
                        ]
                    }
                ]
            }
        ]
    },
    {
        "client_msg_id": "0838E166-E363-4A81-ABE8-445E7B1AC545",
        "type": "message",
        "text": "I have doubts on second one :confounded:",
        "user": "UNMKAJXK6",
        "ts": "1575666853.001500",
        "team": "TNN3BM5N1",
        "user_team": "TNN3BM5N1",
        "source_team": "TNN3BM5N1",
        "user_profile": {
            "avatar_hash": "g9f9137124f4",
            "image_72": "https:\/\/secure.gravatar.com\/avatar\/9f9137124f44060a0fb846f648c9561f.jpg?s=72&d=https%3A%2F%2Fa.slack-edge.com%2Fdf10d%2Fimg%2Favatars%2Fava_0026-72.png",
            "first_name": "",
            "real_name": "Het Patel",
            "display_name": "",
            "team": "TNN3BM5N1",
            "name": "hp342",
            "is_restricted": false,
            "is_ultra_restricted": false
        }
    }
]