[
    {
        "client_msg_id": "0ABEF246-A52D-4CBE-928B-A8D100FBCE2A",
        "type": "message",
        "text": "<https:\/\/www.taste.io\/movies>",
        "user": "UNMKAJXK6",
        "ts": "1570628210.000400",
        "team": "TNN3BM5N1",
        "user_team": "TNN3BM5N1",
        "source_team": "TNN3BM5N1",
        "user_profile": {
            "avatar_hash": "g9f9137124f4",
            "image_72": "https:\/\/secure.gravatar.com\/avatar\/9f9137124f44060a0fb846f648c9561f.jpg?s=72&d=https%3A%2F%2Fa.slack-edge.com%2Fdf10d%2Fimg%2Favatars%2Fava_0026-72.png",
            "first_name": "",
            "real_name": "Het Patel",
            "display_name": "",
            "team": "TNN3BM5N1",
            "name": "hp342",
            "is_restricted": false,
            "is_ultra_restricted": false
        },
        "attachments": [
            {
                "service_name": "Taste",
                "title": "Movie reviews &amp; recommendations based on your taste - Taste",
                "title_link": "https:\/\/www.taste.io\/movies",
                "text": "See movie recommendations and reviews from likeminded people—the best way to find what to streamg on Netflix or what to watch in theaters.",
                "fallback": "Taste: Movie reviews &amp; recommendations based on your taste - Taste",
                "image_url": "https:\/\/www.taste.io\/opengraph.png",
                "image_width": 476,
                "image_height": 250,
                "from_url": "https:\/\/www.taste.io\/movies",
                "image_bytes": 380667,
                "service_icon": "https:\/\/www.taste.io\/apple-touch-icon.png",
                "id": 1,
                "original_url": "https:\/\/www.taste.io\/movies"
            }
        ]
    },
    {
        "client_msg_id": "B1CFEC2F-B73F-4D9D-B646-F5385549282F",
        "type": "message",
        "text": "Are we creating something similar to this?",
        "user": "UNMKAJXK6",
        "ts": "1570628227.001000",
        "team": "TNN3BM5N1",
        "user_team": "TNN3BM5N1",
        "source_team": "TNN3BM5N1",
        "user_profile": {
            "avatar_hash": "g9f9137124f4",
            "image_72": "https:\/\/secure.gravatar.com\/avatar\/9f9137124f44060a0fb846f648c9561f.jpg?s=72&d=https%3A%2F%2Fa.slack-edge.com%2Fdf10d%2Fimg%2Favatars%2Fava_0026-72.png",
            "first_name": "",
            "real_name": "Het Patel",
            "display_name": "",
            "team": "TNN3BM5N1",
            "name": "hp342",
            "is_restricted": false,
            "is_ultra_restricted": false
        }
    },
    {
        "client_msg_id": "C55C01CE-B543-4DF3-9473-A7F5BAF7908A",
        "type": "message",
        "text": "Seems so ",
        "user": "UNFLCPZHP",
        "ts": "1570628354.001300",
        "team": "TNN3BM5N1",
        "user_team": "TNN3BM5N1",
        "source_team": "TNN3BM5N1",
        "user_profile": {
            "avatar_hash": "6ef87ac1f6e9",
            "image_72": "https:\/\/avatars.slack-edge.com\/2019-09-24\/773662685239_6ef87ac1f6e98ace1477_72.png",
            "first_name": "Michael",
            "real_name": "Michael DeMeo",
            "display_name": "",
            "team": "TNN3BM5N1",
            "name": "md458",
            "is_restricted": false,
            "is_ultra_restricted": false
        }
    },
    {
        "client_msg_id": "88a22d01-9a95-4b5b-8ef8-2c6a7d93ffa0",
        "type": "message",
        "text": "Yup",
        "user": "UNPPN7QDT",
        "ts": "1570638907.000200",
        "team": "TNN3BM5N1",
        "user_team": "TNN3BM5N1",
        "source_team": "TNN3BM5N1",
        "user_profile": {
            "avatar_hash": "6c9fd131469b",
            "image_72": "https:\/\/avatars.slack-edge.com\/2019-09-24\/771901658133_6c9fd131469be802ae52_72.jpg",
            "first_name": "",
            "real_name": "Panchajanya Vangapandu",
            "display_name": "Panchajanya Vangapandu",
            "team": "TNN3BM5N1",
            "name": "pvangapandu.fa17",
            "is_restricted": false,
            "is_ultra_restricted": false
        }
    }
]