[
    {
        "client_msg_id": "9E278C91-034E-4FF4-9406-67DC7DEFED87",
        "type": "message",
        "text": "We are meeting at house 15 today??",
        "user": "UNMKAJXK6",
        "ts": "1574698463.000100",
        "team": "TNN3BM5N1",
        "user_team": "TNN3BM5N1",
        "source_team": "TNN3BM5N1",
        "user_profile": {
            "avatar_hash": "g9f9137124f4",
            "image_72": "https:\/\/secure.gravatar.com\/avatar\/9f9137124f44060a0fb846f648c9561f.jpg?s=72&d=https%3A%2F%2Fa.slack-edge.com%2Fdf10d%2Fimg%2Favatars%2Fava_0026-72.png",
            "first_name": "",
            "real_name": "Het Patel",
            "display_name": "",
            "team": "TNN3BM5N1",
            "name": "hp342",
            "is_restricted": false,
            "is_ultra_restricted": false
        }
    },
    {
        "client_msg_id": "3b642dda-4e0f-4843-ac28-bd32a07c990d",
        "type": "message",
        "text": "I thought we were just going to meet in class",
        "user": "UNPPN7QDT",
        "ts": "1574698481.000500",
        "team": "TNN3BM5N1",
        "user_team": "TNN3BM5N1",
        "source_team": "TNN3BM5N1",
        "user_profile": {
            "avatar_hash": "6c9fd131469b",
            "image_72": "https:\/\/avatars.slack-edge.com\/2019-09-24\/771901658133_6c9fd131469be802ae52_72.jpg",
            "first_name": "",
            "real_name": "Panchajanya Vangapandu",
            "display_name": "Panchajanya Vangapandu",
            "team": "TNN3BM5N1",
            "name": "pvangapandu.fa17",
            "is_restricted": false,
            "is_ultra_restricted": false
        },
        "blocks": [
            {
                "type": "rich_text",
                "block_id": "PMOS",
                "elements": [
                    {
                        "type": "rich_text_section",
                        "elements": [
                            {
                                "type": "text",
                                "text": "I thought we were just going to meet in class"
                            }
                        ]
                    }
                ]
            }
        ]
    },
    {
        "client_msg_id": "f2b0bfe4-8141-4026-bf1c-6f4b703e0c4a",
        "type": "message",
        "text": "Then 15 tomorrow",
        "user": "UNPPN7QDT",
        "ts": "1574698485.000700",
        "team": "TNN3BM5N1",
        "user_team": "TNN3BM5N1",
        "source_team": "TNN3BM5N1",
        "user_profile": {
            "avatar_hash": "6c9fd131469b",
            "image_72": "https:\/\/avatars.slack-edge.com\/2019-09-24\/771901658133_6c9fd131469be802ae52_72.jpg",
            "first_name": "",
            "real_name": "Panchajanya Vangapandu",
            "display_name": "Panchajanya Vangapandu",
            "team": "TNN3BM5N1",
            "name": "pvangapandu.fa17",
            "is_restricted": false,
            "is_ultra_restricted": false
        },
        "blocks": [
            {
                "type": "rich_text",
                "block_id": "pP9E",
                "elements": [
                    {
                        "type": "rich_text_section",
                        "elements": [
                            {
                                "type": "text",
                                "text": "Then 15 tomorrow"
                            }
                        ]
                    }
                ]
            }
        ]
    },
    {
        "client_msg_id": "1F90E855-67DC-4126-BB42-875916F17C86",
        "type": "message",
        "text": "As did I ",
        "user": "UNFLCPZHP",
        "ts": "1574698489.000900",
        "team": "TNN3BM5N1",
        "user_team": "TNN3BM5N1",
        "source_team": "TNN3BM5N1",
        "user_profile": {
            "avatar_hash": "6ef87ac1f6e9",
            "image_72": "https:\/\/avatars.slack-edge.com\/2019-09-24\/773662685239_6ef87ac1f6e98ace1477_72.png",
            "first_name": "Michael",
            "real_name": "Michael DeMeo",
            "display_name": "",
            "team": "TNN3BM5N1",
            "name": "md458",
            "is_restricted": false,
            "is_ultra_restricted": false
        }
    },
    {
        "client_msg_id": "D1209D0B-A4CF-4356-9183-40C7DD1CCD03",
        "type": "message",
        "text": "Because i forgot router at home ",
        "user": "UNMKAJXK6",
        "ts": "1574698510.001300",
        "team": "TNN3BM5N1",
        "user_team": "TNN3BM5N1",
        "source_team": "TNN3BM5N1",
        "user_profile": {
            "avatar_hash": "g9f9137124f4",
            "image_72": "https:\/\/secure.gravatar.com\/avatar\/9f9137124f44060a0fb846f648c9561f.jpg?s=72&d=https%3A%2F%2Fa.slack-edge.com%2Fdf10d%2Fimg%2Favatars%2Fava_0026-72.png",
            "first_name": "",
            "real_name": "Het Patel",
            "display_name": "",
            "team": "TNN3BM5N1",
            "name": "hp342",
            "is_restricted": false,
            "is_ultra_restricted": false
        }
    },
    {
        "client_msg_id": "EDFF2ADE-DAB6-43AB-A6A2-78D4722A4614",
        "type": "message",
        "text": "Am halfway to college. Should i go bavk??",
        "user": "UNMKAJXK6",
        "ts": "1574698525.001800",
        "team": "TNN3BM5N1",
        "user_team": "TNN3BM5N1",
        "source_team": "TNN3BM5N1",
        "user_profile": {
            "avatar_hash": "g9f9137124f4",
            "image_72": "https:\/\/secure.gravatar.com\/avatar\/9f9137124f44060a0fb846f648c9561f.jpg?s=72&d=https%3A%2F%2Fa.slack-edge.com%2Fdf10d%2Fimg%2Favatars%2Fava_0026-72.png",
            "first_name": "",
            "real_name": "Het Patel",
            "display_name": "",
            "team": "TNN3BM5N1",
            "name": "hp342",
            "is_restricted": false,
            "is_ultra_restricted": false
        }
    },
    {
        "client_msg_id": "27913F56-6496-43AB-8F68-F539F70E1FB0",
        "type": "message",
        "text": "I don’t think we’re going to need it for today ",
        "user": "UNFLCPZHP",
        "ts": "1574698542.002200",
        "team": "TNN3BM5N1",
        "user_team": "TNN3BM5N1",
        "source_team": "TNN3BM5N1",
        "user_profile": {
            "avatar_hash": "6ef87ac1f6e9",
            "image_72": "https:\/\/avatars.slack-edge.com\/2019-09-24\/773662685239_6ef87ac1f6e98ace1477_72.png",
            "first_name": "Michael",
            "real_name": "Michael DeMeo",
            "display_name": "",
            "team": "TNN3BM5N1",
            "name": "md458",
            "is_restricted": false,
            "is_ultra_restricted": false
        }
    },
    {
        "client_msg_id": "8916A035-A123-4B96-8DBA-E2395F57E9AF",
        "type": "message",
        "text": "i don’t think we need it",
        "user": "UNN3G91A9",
        "ts": "1574698545.002400",
        "team": "TNN3BM5N1",
        "user_team": "TNN3BM5N1",
        "source_team": "TNN3BM5N1",
        "user_profile": {
            "avatar_hash": "gaa567b03c43",
            "image_72": "https:\/\/secure.gravatar.com\/avatar\/aa567b03c43d16fe9862dd1fddf1112c.jpg?s=72&d=https%3A%2F%2Fa.slack-edge.com%2Fdf10d%2Fimg%2Favatars%2Fava_0008-72.png",
            "first_name": "",
            "real_name": "Todd Murphy",
            "display_name": "Todd Murphy",
            "team": "TNN3BM5N1",
            "name": "tam44",
            "is_restricted": false,
            "is_ultra_restricted": false
        }
    },
    {
        "client_msg_id": "F1B100EF-B707-4E27-804C-6FBD91FFD14A",
        "type": "message",
        "text": "Don’t worry about it het",
        "user": "UNFLCPZHP",
        "ts": "1574698557.002700",
        "team": "TNN3BM5N1",
        "user_team": "TNN3BM5N1",
        "source_team": "TNN3BM5N1",
        "user_profile": {
            "avatar_hash": "6ef87ac1f6e9",
            "image_72": "https:\/\/avatars.slack-edge.com\/2019-09-24\/773662685239_6ef87ac1f6e98ace1477_72.png",
            "first_name": "Michael",
            "real_name": "Michael DeMeo",
            "display_name": "",
            "team": "TNN3BM5N1",
            "name": "md458",
            "is_restricted": false,
            "is_ultra_restricted": false
        }
    },
    {
        "client_msg_id": "22481ADB-3AFA-4AB4-A669-C6F598E0B121",
        "type": "message",
        "text": "Okay :sweat_smile::sweat_smile:",
        "user": "UNMKAJXK6",
        "ts": "1574698657.003000",
        "team": "TNN3BM5N1",
        "user_team": "TNN3BM5N1",
        "source_team": "TNN3BM5N1",
        "user_profile": {
            "avatar_hash": "g9f9137124f4",
            "image_72": "https:\/\/secure.gravatar.com\/avatar\/9f9137124f44060a0fb846f648c9561f.jpg?s=72&d=https%3A%2F%2Fa.slack-edge.com%2Fdf10d%2Fimg%2Favatars%2Fava_0026-72.png",
            "first_name": "",
            "real_name": "Het Patel",
            "display_name": "",
            "team": "TNN3BM5N1",
            "name": "hp342",
            "is_restricted": false,
            "is_ultra_restricted": false
        }
    },
    {
        "client_msg_id": "F232C4D6-4835-41CF-A225-E63FF5AD0294",
        "type": "message",
        "text": "We may need it tomorrow though so please try to bring it ",
        "user": "UNFLCPZHP",
        "ts": "1574698691.003400",
        "team": "TNN3BM5N1",
        "user_team": "TNN3BM5N1",
        "source_team": "TNN3BM5N1",
        "user_profile": {
            "avatar_hash": "6ef87ac1f6e9",
            "image_72": "https:\/\/avatars.slack-edge.com\/2019-09-24\/773662685239_6ef87ac1f6e98ace1477_72.png",
            "first_name": "Michael",
            "real_name": "Michael DeMeo",
            "display_name": "",
            "team": "TNN3BM5N1",
            "name": "md458",
            "is_restricted": false,
            "is_ultra_restricted": false
        }
    },
    {
        "client_msg_id": "AFAC3686-B0ED-42FF-BDFD-461EE3290822",
        "type": "message",
        "text": "I already put reminder for tomorrow :+1::skin-tone-2:\nSo I don’t mess it up",
        "user": "UNMKAJXK6",
        "ts": "1574698738.004200",
        "team": "TNN3BM5N1",
        "user_team": "TNN3BM5N1",
        "source_team": "TNN3BM5N1",
        "user_profile": {
            "avatar_hash": "g9f9137124f4",
            "image_72": "https:\/\/secure.gravatar.com\/avatar\/9f9137124f44060a0fb846f648c9561f.jpg?s=72&d=https%3A%2F%2Fa.slack-edge.com%2Fdf10d%2Fimg%2Favatars%2Fava_0026-72.png",
            "first_name": "",
            "real_name": "Het Patel",
            "display_name": "",
            "team": "TNN3BM5N1",
            "name": "hp342",
            "is_restricted": false,
            "is_ultra_restricted": false
        }
    },
    {
        "client_msg_id": "AE8CDADC-211C-4EC8-8064-553FCA1691F9",
        "type": "message",
        "text": "Kehoe is a DJ ",
        "user": "UNFLCPZHP",
        "ts": "1574701225.000200",
        "team": "TNN3BM5N1",
        "user_team": "TNN3BM5N1",
        "source_team": "TNN3BM5N1",
        "user_profile": {
            "avatar_hash": "6ef87ac1f6e9",
            "image_72": "https:\/\/avatars.slack-edge.com\/2019-09-24\/773662685239_6ef87ac1f6e98ace1477_72.png",
            "first_name": "Michael",
            "real_name": "Michael DeMeo",
            "display_name": "",
            "team": "TNN3BM5N1",
            "name": "md458",
            "is_restricted": false,
            "is_ultra_restricted": false
        }
    },
    {
        "client_msg_id": "acd2d6be-96f9-4029-9d70-9ac260d44e7f",
        "type": "message",
        "text": "<https:\/\/kifarunix.com\/how-to-install-and-configure-alienvault-ossim-5-5-on-virtualbox\/>",
        "user": "UNFLCPZHP",
        "ts": "1574702810.000400",
        "team": "TNN3BM5N1",
        "user_team": "TNN3BM5N1",
        "source_team": "TNN3BM5N1",
        "user_profile": {
            "avatar_hash": "6ef87ac1f6e9",
            "image_72": "https:\/\/avatars.slack-edge.com\/2019-09-24\/773662685239_6ef87ac1f6e98ace1477_72.png",
            "first_name": "Michael",
            "real_name": "Michael DeMeo",
            "display_name": "",
            "team": "TNN3BM5N1",
            "name": "md458",
            "is_restricted": false,
            "is_ultra_restricted": false
        },
        "attachments": [
            {
                "service_name": "kifarunix.com",
                "title": "How to install and configure AlienVault OSSIM 5.5 on VirtualBox - kifarunix.com",
                "title_link": "https:\/\/kifarunix.com\/how-to-install-and-configure-alienvault-ossim-5-5-on-virtualbox\/",
                "text": "In this tutorial, we are going to learn how to install and set up AlienVault OSSIM 5.5 SIEM on VirtualBox.",
                "fallback": "kifarunix.com: How to install and configure AlienVault OSSIM 5.5 on VirtualBox - kifarunix.com",
                "image_url": "http:\/\/kifarunix.com\/wp-content\/uploads\/2018\/09\/create-vm.png",
                "ts": 1535910545,
                "from_url": "https:\/\/kifarunix.com\/how-to-install-and-configure-alienvault-ossim-5-5-on-virtualbox\/",
                "image_width": 340,
                "image_height": 250,
                "image_bytes": 59643,
                "service_icon": "https:\/\/kifarunix.com\/wp-content\/uploads\/2019\/09\/kifarunix-fav.png",
                "id": 1,
                "original_url": "https:\/\/kifarunix.com\/how-to-install-and-configure-alienvault-ossim-5-5-on-virtualbox\/"
            }
        ]
    },
    {
        "type": "message",
        "text": "ISO file for OSSIM",
        "files": [
            {
                "id": "FQYDJ4W8M",
                "created": 1574702985,
                "timestamp": 1574702985,
                "name": "AlienVault_OSSIM_64bits.iso",
                "title": "AlienVault_OSSIM_64bits.iso",
                "mimetype": "application\/octet-stream",
                "filetype": "binary",
                "pretty_type": "Binary",
                "user": "UNFLCPZHP",
                "editable": false,
                "size": 771751936,
                "mode": "hosted",
                "is_external": false,
                "external_type": "",
                "is_public": true,
                "public_url_shared": false,
                "display_as_bot": false,
                "username": "",
                "url_private": "https:\/\/files.slack.com\/files-pri\/TNN3BM5N1-FQYDJ4W8M\/alienvault_ossim_64bits.iso?t=xoxe-770113719749-880564765509-870300588593-7f6ea6811a916e6a8a2763f11163aa02",
                "url_private_download": "https:\/\/files.slack.com\/files-pri\/TNN3BM5N1-FQYDJ4W8M\/download\/alienvault_ossim_64bits.iso?t=xoxe-770113719749-880564765509-870300588593-7f6ea6811a916e6a8a2763f11163aa02",
                "permalink": "https:\/\/it490team.slack.com\/files\/UNFLCPZHP\/FQYDJ4W8M\/alienvault_ossim_64bits.iso",
                "permalink_public": "https:\/\/slack-files.com\/TNN3BM5N1-FQYDJ4W8M-cc1fb1b63a",
                "is_starred": false,
                "has_rich_preview": false
            }
        ],
        "upload": true,
        "blocks": [
            {
                "type": "rich_text",
                "block_id": "z\/q\/+",
                "elements": [
                    {
                        "type": "rich_text_section",
                        "elements": [
                            {
                                "type": "text",
                                "text": "ISO file for OSSIM"
                            }
                        ]
                    }
                ]
            }
        ],
        "user": "UNFLCPZHP",
        "display_as_bot": false,
        "ts": "1574703043.000600",
        "client_msg_id": "2288718b-102c-4058-a0ab-12ba1d741402"
    },
    {
        "client_msg_id": "5ca6b7e6-c022-4838-9f15-d985dde113a8",
        "type": "message",
        "text": "<https:\/\/www.alienvault.com\/documentation\/usm-appliance\/initial-setup\/ossim-installation.htm>",
        "user": "UNFLCPZHP",
        "ts": "1574703138.001000",
        "team": "TNN3BM5N1",
        "user_team": "TNN3BM5N1",
        "source_team": "TNN3BM5N1",
        "user_profile": {
            "avatar_hash": "6ef87ac1f6e9",
            "image_72": "https:\/\/avatars.slack-edge.com\/2019-09-24\/773662685239_6ef87ac1f6e98ace1477_72.png",
            "first_name": "Michael",
            "real_name": "Michael DeMeo",
            "display_name": "",
            "team": "TNN3BM5N1",
            "name": "md458",
            "is_restricted": false,
            "is_ultra_restricted": false
        },
        "attachments": [
            {
                "title": "Installation of AlienVault OSSIM®",
                "title_link": "https:\/\/www.alienvault.com\/documentation\/usm-appliance\/initial-setup\/ossim-installation.htm",
                "text": "Information about the installation of AlienVault OSSIM®.",
                "fallback": "Installation of AlienVault OSSIM®",
                "from_url": "https:\/\/www.alienvault.com\/documentation\/usm-appliance\/initial-setup\/ossim-installation.htm",
                "service_icon": "https:\/\/www.alienvault.com\/favicon.ico",
                "service_name": "alienvault.com",
                "id": 1,
                "original_url": "https:\/\/www.alienvault.com\/documentation\/usm-appliance\/initial-setup\/ossim-installation.htm"
            }
        ],
        "blocks": [
            {
                "type": "rich_text",
                "block_id": "i1Q0o",
                "elements": [
                    {
                        "type": "rich_text_section",
                        "elements": [
                            {
                                "type": "link",
                                "url": "https:\/\/www.alienvault.com\/documentation\/usm-appliance\/initial-setup\/ossim-installation.htm"
                            }
                        ]
                    }
                ]
            }
        ]
    },
    {
        "type": "message",
        "text": "<https:\/\/docs.google.com\/document\/d\/1pQCo1_G1VFhi6pbHwRObo98jK7Oeu4gd8XAoTE9bBy0\/edit?usp=sharing>",
        "files": [
            {
                "id": "FQKLFU066",
                "created": 1574704002,
                "timestamp": 1574704002,
                "name": "IT490 Notes",
                "title": "IT490 Notes",
                "mimetype": "application\/vnd.google-apps.document",
                "filetype": "gdoc",
                "pretty_type": "GSuite Document",
                "user": "UNFLCPZHP",
                "editable": false,
                "size": 2283,
                "mode": "external",
                "is_external": true,
                "external_type": "gdrive",
                "is_public": true,
                "public_url_shared": false,
                "display_as_bot": false,
                "username": "",
                "url_private": "https:\/\/docs.google.com\/document\/d\/1pQCo1_G1VFhi6pbHwRObo98jK7Oeu4gd8XAoTE9bBy0\/edit?usp=sharing",
                "thumb_64": "https:\/\/files.slack.com\/files-tmb\/TNN3BM5N1-FQKLFU066-ca37574ae7\/it490_notes_64.png?t=xoxe-770113719749-880564765509-870300588593-7f6ea6811a916e6a8a2763f11163aa02",
                "thumb_80": "https:\/\/files.slack.com\/files-tmb\/TNN3BM5N1-FQKLFU066-ca37574ae7\/it490_notes_80.png?t=xoxe-770113719749-880564765509-870300588593-7f6ea6811a916e6a8a2763f11163aa02",
                "thumb_360": "https:\/\/files.slack.com\/files-tmb\/TNN3BM5N1-FQKLFU066-ca37574ae7\/it490_notes_360.png?t=xoxe-770113719749-880564765509-870300588593-7f6ea6811a916e6a8a2763f11163aa02",
                "thumb_360_w": 278,
                "thumb_360_h": 360,
                "thumb_480": "https:\/\/files.slack.com\/files-tmb\/TNN3BM5N1-FQKLFU066-ca37574ae7\/it490_notes_480.png?t=xoxe-770113719749-880564765509-870300588593-7f6ea6811a916e6a8a2763f11163aa02",
                "thumb_480_w": 371,
                "thumb_480_h": 480,
                "thumb_160": "https:\/\/files.slack.com\/files-tmb\/TNN3BM5N1-FQKLFU066-ca37574ae7\/it490_notes_160.png?t=xoxe-770113719749-880564765509-870300588593-7f6ea6811a916e6a8a2763f11163aa02",
                "thumb_720": "https:\/\/files.slack.com\/files-tmb\/TNN3BM5N1-FQKLFU066-ca37574ae7\/it490_notes_720.png?t=xoxe-770113719749-880564765509-870300588593-7f6ea6811a916e6a8a2763f11163aa02",
                "thumb_720_w": 557,
                "thumb_720_h": 720,
                "thumb_800": "https:\/\/files.slack.com\/files-tmb\/TNN3BM5N1-FQKLFU066-ca37574ae7\/it490_notes_800.png?t=xoxe-770113719749-880564765509-870300588593-7f6ea6811a916e6a8a2763f11163aa02",
                "thumb_800_w": 800,
                "thumb_800_h": 1035,
                "thumb_960": "https:\/\/files.slack.com\/files-tmb\/TNN3BM5N1-FQKLFU066-ca37574ae7\/it490_notes_960.png?t=xoxe-770113719749-880564765509-870300588593-7f6ea6811a916e6a8a2763f11163aa02",
                "thumb_960_w": 742,
                "thumb_960_h": 960,
                "thumb_1024": "https:\/\/files.slack.com\/files-tmb\/TNN3BM5N1-FQKLFU066-ca37574ae7\/it490_notes_1024.png?t=xoxe-770113719749-880564765509-870300588593-7f6ea6811a916e6a8a2763f11163aa02",
                "thumb_1024_w": 791,
                "thumb_1024_h": 1024,
                "image_exif_rotation": 1,
                "original_w": 800,
                "original_h": 1035,
                "thumb_tiny": "AwAwACXTJxSZoagfWgBc0UUUAFFFFACNQM0NSD6UAO59aKMCjA9KACiiigBGpBzTiM0gGKAFooooAKKKKAP\/2Q==",
                "permalink": "https:\/\/it490team.slack.com\/files\/UNFLCPZHP\/FQKLFU066\/it490_notes",
                "is_starred": false,
                "external_id": "1pQCo1_G1VFhi6pbHwRObo98jK7Oeu4gd8XAoTE9bBy0",
                "external_url": "https:\/\/docs.google.com\/document\/d\/1pQCo1_G1VFhi6pbHwRObo98jK7Oeu4gd8XAoTE9bBy0\/edit?usp=sharing",
                "has_rich_preview": true
            }
        ],
        "upload": false,
        "blocks": [
            {
                "type": "rich_text",
                "block_id": "Jv7zy",
                "elements": [
                    {
                        "type": "rich_text_section",
                        "elements": [
                            {
                                "type": "link",
                                "url": "https:\/\/docs.google.com\/document\/d\/1pQCo1_G1VFhi6pbHwRObo98jK7Oeu4gd8XAoTE9bBy0\/edit?usp=sharing"
                            }
                        ]
                    }
                ]
            }
        ],
        "user": "UNFLCPZHP",
        "display_as_bot": false,
        "x_files": [
            "FQKLFU066"
        ],
        "ts": "1574703982.001400",
        "client_msg_id": "19bd5d12-2873-4319-8683-6d2f86584b5a"
    }
]