[
    {
        "client_msg_id": "E463224D-B431-4CAA-838E-BBA52A9B75E3",
        "type": "message",
        "text": "Fellas, I’m really sorry to do this, but I have to leave tonight instead of tomorrow night, so I won’t be at class tomorrow, nor on Monday, I’m really sorry for this. Please let me know if anything is needed on my end ",
        "user": "UNFLCPZHP",
        "ts": "1573081632.001400",
        "team": "TNN3BM5N1",
        "user_team": "TNN3BM5N1",
        "source_team": "TNN3BM5N1",
        "user_profile": {
            "avatar_hash": "6ef87ac1f6e9",
            "image_72": "https:\/\/avatars.slack-edge.com\/2019-09-24\/773662685239_6ef87ac1f6e98ace1477_72.png",
            "first_name": "Michael",
            "real_name": "Michael DeMeo",
            "display_name": "",
            "team": "TNN3BM5N1",
            "name": "md458",
            "is_restricted": false,
            "is_ultra_restricted": false
        }
    }
]