[
    {
        "client_msg_id": "F1BFB06E-284E-4FE6-A3D0-ADC3F76BC7DD",
        "type": "message",
        "text": "Fellas, what’s the plan for tomorrow, are we going to class to ask anything about the deliverables or are we doing our own thing ",
        "user": "UNFLCPZHP",
        "ts": "1571602833.001000",
        "team": "TNN3BM5N1",
        "user_team": "TNN3BM5N1",
        "source_team": "TNN3BM5N1",
        "user_profile": {
            "avatar_hash": "6ef87ac1f6e9",
            "image_72": "https:\/\/avatars.slack-edge.com\/2019-09-24\/773662685239_6ef87ac1f6e98ace1477_72.png",
            "first_name": "Michael",
            "real_name": "Michael DeMeo",
            "display_name": "",
            "team": "TNN3BM5N1",
            "name": "md458",
            "is_restricted": false,
            "is_ultra_restricted": false
        }
    }
]