[
    {
        "type": "message",
        "text": "",
        "files": [
            {
                "id": "FPTQJPM3L",
                "created": 1572980271,
                "timestamp": 1572980271,
                "name": "2c6e214.jpg",
                "title": "2c6e214.jpg",
                "mimetype": "image\/jpeg",
                "filetype": "jpg",
                "pretty_type": "JPEG",
                "user": "UNPPN7QDT",
                "editable": false,
                "size": 41189,
                "mode": "hosted",
                "is_external": false,
                "external_type": "",
                "is_public": true,
                "public_url_shared": false,
                "display_as_bot": false,
                "username": "",
                "url_private": "https:\/\/files.slack.com\/files-pri\/TNN3BM5N1-FPTQJPM3L\/2c6e214.jpg?t=xoxe-770113719749-880564765509-870300588593-7f6ea6811a916e6a8a2763f11163aa02",
                "url_private_download": "https:\/\/files.slack.com\/files-pri\/TNN3BM5N1-FPTQJPM3L\/download\/2c6e214.jpg?t=xoxe-770113719749-880564765509-870300588593-7f6ea6811a916e6a8a2763f11163aa02",
                "thumb_64": "https:\/\/files.slack.com\/files-tmb\/TNN3BM5N1-FPTQJPM3L-fe0e8dde4f\/2c6e214_64.jpg?t=xoxe-770113719749-880564765509-870300588593-7f6ea6811a916e6a8a2763f11163aa02",
                "thumb_80": "https:\/\/files.slack.com\/files-tmb\/TNN3BM5N1-FPTQJPM3L-fe0e8dde4f\/2c6e214_80.jpg?t=xoxe-770113719749-880564765509-870300588593-7f6ea6811a916e6a8a2763f11163aa02",
                "thumb_360": "https:\/\/files.slack.com\/files-tmb\/TNN3BM5N1-FPTQJPM3L-fe0e8dde4f\/2c6e214_360.jpg?t=xoxe-770113719749-880564765509-870300588593-7f6ea6811a916e6a8a2763f11163aa02",
                "thumb_360_w": 360,
                "thumb_360_h": 360,
                "thumb_480": "https:\/\/files.slack.com\/files-tmb\/TNN3BM5N1-FPTQJPM3L-fe0e8dde4f\/2c6e214_480.jpg?t=xoxe-770113719749-880564765509-870300588593-7f6ea6811a916e6a8a2763f11163aa02",
                "thumb_480_w": 480,
                "thumb_480_h": 480,
                "thumb_160": "https:\/\/files.slack.com\/files-tmb\/TNN3BM5N1-FPTQJPM3L-fe0e8dde4f\/2c6e214_160.jpg?t=xoxe-770113719749-880564765509-870300588593-7f6ea6811a916e6a8a2763f11163aa02",
                "thumb_720": "https:\/\/files.slack.com\/files-tmb\/TNN3BM5N1-FPTQJPM3L-fe0e8dde4f\/2c6e214_720.jpg?t=xoxe-770113719749-880564765509-870300588593-7f6ea6811a916e6a8a2763f11163aa02",
                "thumb_720_w": 720,
                "thumb_720_h": 720,
                "thumb_800": "https:\/\/files.slack.com\/files-tmb\/TNN3BM5N1-FPTQJPM3L-fe0e8dde4f\/2c6e214_800.jpg?t=xoxe-770113719749-880564765509-870300588593-7f6ea6811a916e6a8a2763f11163aa02",
                "thumb_800_w": 800,
                "thumb_800_h": 800,
                "image_exif_rotation": 1,
                "original_w": 960,
                "original_h": 960,
                "thumb_tiny": "AwAwADCmBxinqjBdwHFKvyEDHWp1YDjj6UjaLKbEkdKQKMdattHuQYUVCV4GFAoCSGcEUw+lSjHPyjio2YHoMUEMe7ZxTQcGoaKYuYsiRh9KYzE+tQ5PrRk+tKw+djufekpKKZNxVIB5GaeXjx9z8ajooEP3Jz8tBZOMLimUUASb0\/uVGetFFAH\/2Q==",
                "permalink": "https:\/\/it490team.slack.com\/files\/UNPPN7QDT\/FPTQJPM3L\/2c6e214.jpg",
                "permalink_public": "https:\/\/slack-files.com\/TNN3BM5N1-FPTQJPM3L-3c9e7a343d",
                "is_starred": false,
                "has_rich_preview": false
            }
        ],
        "upload": true,
        "user": "UNPPN7QDT",
        "display_as_bot": false,
        "ts": "1572980274.000200",
        "client_msg_id": "fe67da57-028f-49c8-97b0-c85514cff0a9"
    },
    {
        "client_msg_id": "daee07a5-1146-4005-8f33-502338f966e5",
        "type": "message",
        "text": "Recomend3.py got me like",
        "user": "UNPPN7QDT",
        "ts": "1572980285.000800",
        "team": "TNN3BM5N1",
        "user_team": "TNN3BM5N1",
        "source_team": "TNN3BM5N1",
        "user_profile": {
            "avatar_hash": "6c9fd131469b",
            "image_72": "https:\/\/avatars.slack-edge.com\/2019-09-24\/771901658133_6c9fd131469be802ae52_72.jpg",
            "first_name": "",
            "real_name": "Panchajanya Vangapandu",
            "display_name": "Panchajanya Vangapandu",
            "team": "TNN3BM5N1",
            "name": "pvangapandu.fa17",
            "is_restricted": false,
            "is_ultra_restricted": false
        }
    },
    {
        "client_msg_id": "98D74DA6-EC0D-4ACB-A29E-FDAD2016BCDF",
        "type": "message",
        "text": "Faaaaaaaaaax",
        "user": "UNFLCPZHP",
        "ts": "1572980293.001000",
        "team": "TNN3BM5N1",
        "user_team": "TNN3BM5N1",
        "source_team": "TNN3BM5N1",
        "user_profile": {
            "avatar_hash": "6ef87ac1f6e9",
            "image_72": "https:\/\/avatars.slack-edge.com\/2019-09-24\/773662685239_6ef87ac1f6e98ace1477_72.png",
            "first_name": "Michael",
            "real_name": "Michael DeMeo",
            "display_name": "",
            "team": "TNN3BM5N1",
            "name": "md458",
            "is_restricted": false,
            "is_ultra_restricted": false
        }
    }
]