[
    {
        "type": "message",
        "text": "Found our machine learning algorithm in my Linear Algebra class",
        "files": [
            {
                "id": "FQSQGUS87",
                "created": 1574191124,
                "timestamp": 1574191124,
                "name": "IMG_20191119_141805.jpg",
                "title": "IMG_20191119_141805.jpg",
                "mimetype": "image\/jpeg",
                "filetype": "jpg",
                "pretty_type": "JPEG",
                "user": "UNPPN7QDT",
                "editable": false,
                "size": 291915,
                "mode": "hosted",
                "is_external": false,
                "external_type": "",
                "is_public": true,
                "public_url_shared": false,
                "display_as_bot": false,
                "username": "",
                "url_private": "https:\/\/files.slack.com\/files-pri\/TNN3BM5N1-FQSQGUS87\/img_20191119_141805.jpg?t=xoxe-770113719749-880564765509-870300588593-7f6ea6811a916e6a8a2763f11163aa02",
                "url_private_download": "https:\/\/files.slack.com\/files-pri\/TNN3BM5N1-FQSQGUS87\/download\/img_20191119_141805.jpg?t=xoxe-770113719749-880564765509-870300588593-7f6ea6811a916e6a8a2763f11163aa02",
                "thumb_64": "https:\/\/files.slack.com\/files-tmb\/TNN3BM5N1-FQSQGUS87-4bdef15def\/img_20191119_141805_64.jpg?t=xoxe-770113719749-880564765509-870300588593-7f6ea6811a916e6a8a2763f11163aa02",
                "thumb_80": "https:\/\/files.slack.com\/files-tmb\/TNN3BM5N1-FQSQGUS87-4bdef15def\/img_20191119_141805_80.jpg?t=xoxe-770113719749-880564765509-870300588593-7f6ea6811a916e6a8a2763f11163aa02",
                "thumb_360": "https:\/\/files.slack.com\/files-tmb\/TNN3BM5N1-FQSQGUS87-4bdef15def\/img_20191119_141805_360.jpg?t=xoxe-770113719749-880564765509-870300588593-7f6ea6811a916e6a8a2763f11163aa02",
                "thumb_360_w": 270,
                "thumb_360_h": 360,
                "thumb_480": "https:\/\/files.slack.com\/files-tmb\/TNN3BM5N1-FQSQGUS87-4bdef15def\/img_20191119_141805_480.jpg?t=xoxe-770113719749-880564765509-870300588593-7f6ea6811a916e6a8a2763f11163aa02",
                "thumb_480_w": 360,
                "thumb_480_h": 480,
                "thumb_160": "https:\/\/files.slack.com\/files-tmb\/TNN3BM5N1-FQSQGUS87-4bdef15def\/img_20191119_141805_160.jpg?t=xoxe-770113719749-880564765509-870300588593-7f6ea6811a916e6a8a2763f11163aa02",
                "thumb_720": "https:\/\/files.slack.com\/files-tmb\/TNN3BM5N1-FQSQGUS87-4bdef15def\/img_20191119_141805_720.jpg?t=xoxe-770113719749-880564765509-870300588593-7f6ea6811a916e6a8a2763f11163aa02",
                "thumb_720_w": 540,
                "thumb_720_h": 720,
                "thumb_800": "https:\/\/files.slack.com\/files-tmb\/TNN3BM5N1-FQSQGUS87-4bdef15def\/img_20191119_141805_800.jpg?t=xoxe-770113719749-880564765509-870300588593-7f6ea6811a916e6a8a2763f11163aa02",
                "thumb_800_w": 800,
                "thumb_800_h": 1067,
                "thumb_960": "https:\/\/files.slack.com\/files-tmb\/TNN3BM5N1-FQSQGUS87-4bdef15def\/img_20191119_141805_960.jpg?t=xoxe-770113719749-880564765509-870300588593-7f6ea6811a916e6a8a2763f11163aa02",
                "thumb_960_w": 720,
                "thumb_960_h": 960,
                "thumb_1024": "https:\/\/files.slack.com\/files-tmb\/TNN3BM5N1-FQSQGUS87-4bdef15def\/img_20191119_141805_1024.jpg?t=xoxe-770113719749-880564765509-870300588593-7f6ea6811a916e6a8a2763f11163aa02",
                "thumb_1024_w": 768,
                "thumb_1024_h": 1024,
                "image_exif_rotation": 6,
                "original_w": 4032,
                "original_h": 3024,
                "thumb_tiny": "AwAwACSzRS4pRxSAQcdRTi3FJ+P60mR60wEJwe1Jk+1OooADQKTzY\/79J50f940AP70Go\/Pj9T+VIbhPRvyoAkoqH7Qv91vyo+0L\/db8qAJPLX0o2L6U6ipGN2L6Cl2r6ClpKAEwPSjA9KKM0Af\/2Q==",
                "permalink": "https:\/\/it490team.slack.com\/files\/UNPPN7QDT\/FQSQGUS87\/img_20191119_141805.jpg",
                "permalink_public": "https:\/\/slack-files.com\/TNN3BM5N1-FQSQGUS87-5ae9f893b3",
                "is_starred": false,
                "has_rich_preview": false
            }
        ],
        "upload": true,
        "user": "UNPPN7QDT",
        "display_as_bot": false,
        "ts": "1574191124.000700",
        "client_msg_id": "5a9f93f9-3742-4fb2-b763-f72d1370aca5"
    }
]