[
    {
        "client_msg_id": "E2043B1E-E922-4019-9043-34BFE0A28F30",
        "type": "message",
        "text": "Juice WRLD died I’m not sure I can work under these conditions :disappointed:",
        "user": "UNFLCPZHP",
        "ts": "1575826102.000500",
        "team": "TNN3BM5N1",
        "user_team": "TNN3BM5N1",
        "source_team": "TNN3BM5N1",
        "user_profile": {
            "avatar_hash": "6ef87ac1f6e9",
            "image_72": "https:\/\/avatars.slack-edge.com\/2019-09-24\/773662685239_6ef87ac1f6e98ace1477_72.png",
            "first_name": "Michael",
            "real_name": "Michael DeMeo",
            "display_name": "",
            "team": "TNN3BM5N1",
            "name": "md458",
            "is_restricted": false,
            "is_ultra_restricted": false
        },
        "reactions": [
            {
                "name": "cry",
                "users": [
                    "UNPPN7QDT",
                    "UNMKAJXK6"
                ],
                "count": 2
            }
        ]
    }
]