[
    {
        "type": "message",
        "text": "",
        "files": [
            {
                "id": "FRTADATGF",
                "created": 1576515408,
                "timestamp": 1576515408,
                "name": "Image from iOS.jpg",
                "title": "Image from iOS",
                "mimetype": "image\/jpeg",
                "filetype": "jpg",
                "pretty_type": "JPEG",
                "user": "UNFLCPZHP",
                "editable": false,
                "size": 47361,
                "mode": "hosted",
                "is_external": false,
                "external_type": "",
                "is_public": true,
                "public_url_shared": false,
                "display_as_bot": false,
                "username": "",
                "url_private": "https:\/\/files.slack.com\/files-pri\/TNN3BM5N1-FRTADATGF\/image_from_ios.jpg?t=xoxe-770113719749-880564765509-870300588593-7f6ea6811a916e6a8a2763f11163aa02",
                "url_private_download": "https:\/\/files.slack.com\/files-pri\/TNN3BM5N1-FRTADATGF\/download\/image_from_ios.jpg?t=xoxe-770113719749-880564765509-870300588593-7f6ea6811a916e6a8a2763f11163aa02",
                "thumb_64": "https:\/\/files.slack.com\/files-tmb\/TNN3BM5N1-FRTADATGF-08f27a9a0d\/image_from_ios_64.jpg?t=xoxe-770113719749-880564765509-870300588593-7f6ea6811a916e6a8a2763f11163aa02",
                "thumb_80": "https:\/\/files.slack.com\/files-tmb\/TNN3BM5N1-FRTADATGF-08f27a9a0d\/image_from_ios_80.jpg?t=xoxe-770113719749-880564765509-870300588593-7f6ea6811a916e6a8a2763f11163aa02",
                "thumb_360": "https:\/\/files.slack.com\/files-tmb\/TNN3BM5N1-FRTADATGF-08f27a9a0d\/image_from_ios_360.jpg?t=xoxe-770113719749-880564765509-870300588593-7f6ea6811a916e6a8a2763f11163aa02",
                "thumb_360_w": 360,
                "thumb_360_h": 353,
                "thumb_480": "https:\/\/files.slack.com\/files-tmb\/TNN3BM5N1-FRTADATGF-08f27a9a0d\/image_from_ios_480.jpg?t=xoxe-770113719749-880564765509-870300588593-7f6ea6811a916e6a8a2763f11163aa02",
                "thumb_480_w": 480,
                "thumb_480_h": 471,
                "thumb_160": "https:\/\/files.slack.com\/files-tmb\/TNN3BM5N1-FRTADATGF-08f27a9a0d\/image_from_ios_160.jpg?t=xoxe-770113719749-880564765509-870300588593-7f6ea6811a916e6a8a2763f11163aa02",
                "image_exif_rotation": 1,
                "original_w": 680,
                "original_h": 667,
                "thumb_tiny": "AwAvADCmRxz\/ADpOKcACOgzSBTkDrViGnFPJPlqO3NavkRf880\/KmhUzjy1wPap5gsZqHjqfwppUe4rXVV\/ur17CoL4YhDDghqLgyjErMcKuffFTGFtwxsPNWDsRcdAKj81Ae1ZubL5S6WHPNNIWmlvmNBPvVEjwRjioL7\/j2P1FSZwOv6VXvnHkY9SKFuBTkmZ\/YVFg46GnPGU61eSJCAQBjApKyQ3ckEpKBsHpUL3ir6\/lS3D4XAqj5h3DGODmlHUGrE73rdl\/OopJ3kxnjHpTSTKwGBn2pzwNGATitEhH\/9k=",
                "permalink": "https:\/\/it490team.slack.com\/files\/UNFLCPZHP\/FRTADATGF\/image_from_ios.jpg",
                "permalink_public": "https:\/\/slack-files.com\/TNN3BM5N1-FRTADATGF-00d1538c43",
                "is_starred": false,
                "has_rich_preview": false
            }
        ],
        "upload": true,
        "blocks": [
            {
                "type": "rich_text",
                "block_id": "YQsM",
                "elements": []
            }
        ],
        "user": "UNFLCPZHP",
        "display_as_bot": false,
        "ts": "1576515412.000100",
        "client_msg_id": "0D6DC7FC-A09D-4319-961A-32E364DA9D21"
    },
    {
        "client_msg_id": "238e0022-9ae9-4d14-a00e-ca7da6a5ffbc",
        "type": "message",
        "text": "Lol",
        "user": "UNPPN7QDT",
        "ts": "1576515466.000500",
        "team": "TNN3BM5N1",
        "user_team": "TNN3BM5N1",
        "source_team": "TNN3BM5N1",
        "user_profile": {
            "avatar_hash": "6c9fd131469b",
            "image_72": "https:\/\/avatars.slack-edge.com\/2019-09-24\/771901658133_6c9fd131469be802ae52_72.jpg",
            "first_name": "",
            "real_name": "Panchajanya Vangapandu",
            "display_name": "Panchajanya Vangapandu",
            "team": "TNN3BM5N1",
            "name": "pvangapandu.fa17",
            "is_restricted": false,
            "is_ultra_restricted": false
        },
        "blocks": [
            {
                "type": "rich_text",
                "block_id": "9NgT",
                "elements": [
                    {
                        "type": "rich_text_section",
                        "elements": [
                            {
                                "type": "text",
                                "text": "Lol"
                            }
                        ]
                    }
                ]
            }
        ]
    }
]